Date, AvgTemperature, Precipitation, Snowfall, SnowDepth
1893-01-01, M,0.85, M, M
1893-01-02,34, M, M, M
1893-01-03,27.5, M, M, M
1893-01-04,13.5, M, M, M
1893-01-05,21.5,0.03,0.8, M
1893-01-06,17, M, M, M
1893-01-07,15,0.04,0.3, M
1893-01-08,21, M, M, M
1893-01-09,16, M, M, M
1893-01-10,14, M, M, M
1893-01-11,9.5, M, M, M
1893-01-12,20.5, M, M, M
1893-01-13,11, M, M, M
1893-01-14,8.5,0.22,2.3, M
1893-01-15,12, M, M, M
1893-01-16,-0.5, M, M, M
1893-01-17,6.5, M, M, M
1893-01-18,4.5, M, M, M
1893-01-19,18.5, M, M, M
1893-01-20,10.5, M, M, M
1893-01-21,19, M, M, M
1893-01-22,26.5, M, M, M
1893-01-23,30, M, M, M
1893-01-24,27.5, M, M, M
1893-01-25,41.5, M, M, M
1893-01-26,36, M, M, M
1893-01-27,44, M, M, M
1893-01-28,34, T, M, M
1893-01-29,45.5, M, M, M
1893-01-30,39.5, M, M, M
1893-01-31,38, M, M, M
1893-02-01,47, M, M, M
1893-02-02,47, M, M, M
1893-02-03,42.5, M, M, M
1893-02-04,36, M, M, M
1893-02-05,27, M, M, M
1893-02-06,33.5, M, M, M
1893-02-07,41, M, M, M
1893-02-08,28, M, M, M
1893-02-09,29.5,0.75, M, M
1893-02-10,44,0.75, M, M
1893-02-11,39.5, M, M, M
1893-02-12,31.5, M,9, M
1893-02-13,34,0.95, M, M
1893-02-14,30, M, M, M
1893-02-15,47.5,0.07, M, M
1893-02-16,50, M, M, M
1893-02-17,40.5,1.14, M, M
1893-02-18,31.5, M, M, M
1893-02-19,32,0.08, M, M
1893-02-20,26, M, M, M
1893-02-21,21.5, M, M, M
1893-02-22,31,0.14,1.2, M
1893-02-23,29, M, M, M
1893-02-24,37.5, M, M, M
1893-02-25,39, M, M, M
1893-02-26,33.5, M, M, M
1893-02-27,32.5, M, M, M
1893-02-28,40,0.59, M, M
1893-03-01,38.5, M, M, M
1893-03-02,42, M, M, M
1893-03-03,41, T, M, M
1893-03-04,39,0.59, M, M
1893-03-05,25, M, M, M
1893-03-06,34, M, M, M
1893-03-07,41, M, M, M
1893-03-08,42, M, M, M
1893-03-09,53,0.45, M, M
1893-03-10,47.5, M, M, M
1893-03-11,39.5,0.2, M, M
1893-03-12,41.5, M, M, M
1893-03-13,42.5, M, M, M
1893-03-14,48, M, M, M
1893-03-15,40, M, M, M
1893-03-16,28, M, M, M
1893-03-17,27.5,0.1,1, M
1893-03-18,30.5, M, T, M
1893-03-19,34, M, M, M
1893-03-20,42, M, M, M
1893-03-21,46, T, M, M
1893-03-22,53, M, M, M
1893-03-23,46.5,0.05, M, M
1893-03-24,51, M, M, M
1893-03-25,52.5, M, M, M
1893-03-26,49, M, M, M
1893-03-27,43.5, M, M, M
1893-03-28,35, M, M, M
1893-03-29,34.5, M, M, M
1893-03-30,43.5, M, M, M
1893-03-31,54.5, M, M, M
1893-04-01,62,0, M, M
1893-04-02,54,0, M, M
1893-04-03,50,0, M, M
1893-04-04,63, T, M, M
1893-04-05,52,0, M, M
1893-04-06,56.5,0, M, M
1893-04-07,44, T, M, M
1893-04-08,67,0, M, M
1893-04-09,68,0.2, M, M
1893-04-10,51,0.26, M, M
1893-04-11,45,0, M, M
1893-04-12,48,0, M, M
1893-04-13,55,0, M, M
1893-04-14,58.5, T, M, M
1893-04-15,52.5,0, M, M
1893-04-16,40.5,0, M, M
1893-04-17,48,0, M, M
1893-04-18,43,0, M, M
1893-04-19,52.5,0.3, M, M
1893-04-20,55.5,0.63, M, M
1893-04-21,48,0, M, M
1893-04-22,43,0, M, M
1893-04-23,43,0, M, M
1893-04-24,42,0, M, M
1893-04-25,50.5,0.35, M, M
1893-04-26,44.5,0.7, M, M
1893-04-27,56.5,0, M, M
1893-04-28,56.5,0, M, M
1893-04-29,59,0.27, M, M
1893-04-30,71.5,0.15, M, M
1893-05-01,67, T, M, M
1893-05-02,62.5,0.31, M, M
1893-05-03,56.5,1.4, M, M
1893-05-04,50,0.75, M, M
1893-05-05,60,0.1, M, M
1893-05-06,59, M, M, M
1893-05-07,53.5, M, M, M
1893-05-08,50.5, M, M, M
1893-05-09,53.5, M, M, M
1893-05-10,48, M, M, M
1893-05-11,59.5, M, M, M
1893-05-12,61, T, M, M
1893-05-13,57, M, M, M
1893-05-14,58,0.04, M, M
1893-05-15,55.5,0.15, M, M
1893-05-16,61,0.19, M, M
1893-05-17,54.5, M, M, M
1893-05-18,53.5, M, M, M
1893-05-19,53.5, M, M, M
1893-05-20,59.5,0.32, M, M
1893-05-21,69.5, T, M, M
1893-05-22,65.5, M, M, M
1893-05-23,71,0.57, M, M
1893-05-24,60.5, M, M, M
1893-05-25,65.5, M, M, M
1893-05-26,64.5, M, M, M
1893-05-27,70.5,0.1, M, M
1893-05-28,67.5,0.22, M, M
1893-05-29,55,0.77, M, M
1893-05-30,58,0.06, M, M
1893-05-31,63.5, M, M, M
1893-06-01,65.5,0.67,0, M
1893-06-02,70,0.06,0, M
1893-06-03,71,0.1,0, M
1893-06-04,73,0.28,0, M
1893-06-05,72,0.25,0, M
1893-06-06,73.5, T,0, M
1893-06-07,67,0,0, M
1893-06-08,68,0,0, M
1893-06-09,63.5,0,0, M
1893-06-10,70,0,0, M
1893-06-11,70.5,0,0, M
1893-06-12,65.5,0,0, M
1893-06-13,67.5,0,0, M
1893-06-14,70,0.05,0, M
1893-06-15,72, T,0, M
1893-06-16,71.5,0.03,0, M
1893-06-17,69,0,0, M
1893-06-18,76.5,0,0, M
1893-06-19,80,0,0, M
1893-06-20,79.5,0,0, M
1893-06-21,78.5,0.08,0, M
1893-06-22,75.5,0.7,0, M
1893-06-23,67,0,0, M
1893-06-24,71.5,0,0, M
1893-06-25,73,0.03,0, M
1893-06-26,72,0,0, M
1893-06-27,68.5,0.04,0, M
1893-06-28, M, T,0, M
1893-06-29,67,0.26,0, M
1893-06-30,70,0.68,0, M
1893-07-01,67,0.84,0, M
1893-07-02,69.5,0,0, M
1893-07-03, M,0.01,0, M
1893-07-04,70,0,0, M
1893-07-05,74.5,0,0, M
1893-07-06,81.5,0,0, M
1893-07-07,83.5, T,0, M
1893-07-08,82,0.6,0, M
1893-07-09,79.5,0,0, M
1893-07-10,71, T,0, M
1893-07-11,74,0,0, M
1893-07-12,78,0,0, M
1893-07-13,76.5,0,0, M
1893-07-14,80,0.05,0, M
1893-07-15,75.5,0.75,0, M
1893-07-16,75,0.5,0, M
1893-07-17,77.5,0,0, M
1893-07-18,80,0,0, M
1893-07-19,74,0,0, M
1893-07-20,72.5,0,0, M
1893-07-21,70,0.1,0, M
1893-07-22,75,0,0, M
1893-07-23,76,0,0, M
1893-07-24,70,0,0, M
1893-07-25,77.5,0,0, M
1893-07-26,78,0.09,0, M
1893-07-27,70,0,0, M
1893-07-28,69.5,0,0, M
1893-07-29,74.5,0.16,0, M
1893-07-30,76.5,0,0, M
1893-07-31,73,0.1,0, M
1893-08-01,69.5,0,0, M
1893-08-02,69,0,0, M
1893-08-03,71.5,0,0, M
1893-08-04,62.5,0.46,0, M
1893-08-05,69.5,0,0, M
1893-08-06,73,0.1,0, M
1893-08-07,70.5,0,0, M
1893-08-08,67.5,0,0, M
1893-08-09,72.5,0,0, M
1893-08-10,73,0,0, M
1893-08-11,77, T,0, M
1893-08-12,75.5,0.02,0, M
1893-08-13,74.5,0,0, M
1893-08-14,64,0,0, M
1893-08-15,71,0,0, M
1893-08-16,74,0,0, M
1893-08-17,74,0.03,0, M
1893-08-18,72.5,0,0, M
1893-08-19,73,0,0, M
1893-08-20,75,0,0, M
1893-08-21,71,0,0, M
1893-08-22,72.5,0,0, M
1893-08-23,63,0.22,0, M
1893-08-24,63,0,0, M
1893-08-25,76,0,0, M
1893-08-26,77,0.01,0, M
1893-08-27,75.5,0,0, M
1893-08-28,69,4.22,0, M
1893-08-29,71,0,0, M
1893-08-30, M,0,0, M
1893-08-31, M, T,0, M
1893-09-01,54.5,0.86,0, M
1893-09-02,62,0,0, M
1893-09-03,58,0,0, M
1893-09-04,61,0,0, M
1893-09-05,64.5,0,0, M
1893-09-06,70.5,0,0, M
1893-09-07,72,0,0, M
1893-09-08,71.5,0,0, M
1893-09-09,62, T,0, M
1893-09-10, M,1.6,0, M
1893-09-11, M,1.65,0, M
1893-09-12,53.5,0.2,0, M
1893-09-13,59,0.18,0, M
1893-09-14,71,0.35,0, M
1893-09-15,75.5, T,0, M
1893-09-16,65.5,0.01,0, M
1893-09-17,62,0,0, M
1893-09-18,61.5,0,0, M
1893-09-19,71,0,0, M
1893-09-20, M,0,0, M
1893-09-21,75, T,0, M
1893-09-22,72, T,0, M
1893-09-23,69,0.15,0, M
1893-09-24,62,0,0, M
1893-09-25,65.5,0.25,0, M
1893-09-26,55.5,0,0, M
1893-09-27,56,0,0, M
1893-09-28,56.5,0,0, M
1893-09-29,49.5,0,0, M
1893-09-30,54.5,0.2,0, M
1893-10-01,54.5,0,0, M
1893-10-02,59.5,0,0, M
1893-10-03,62.5,0,0, M
1893-10-04,63,1.2,0, M
1893-10-05,58.5,0,0, M
1893-10-06,66,0,0, M
1893-10-07,70,0,0, M
1893-10-08,59.5,0,0, M
1893-10-09,66,0,0, M
1893-10-10,72,0,0, M
1893-10-11,67,0,0, M
1893-10-12,63,0,0, M
1893-10-13,58.5,2.18,0, M
1893-10-14,55.5, T,0, M
1893-10-15,52.5,0,0, M
1893-10-16,51.5,0,0, M
1893-10-17,50,0,0, M
1893-10-18,54,0,0, M
1893-10-19,51,0,0, M
1893-10-20,58.5,0.6,0, M
1893-10-21,57,1.7,0, M
1893-10-22,56.5,0.35,0, M
1893-10-23,61.5,0.11,0, M
1893-10-24,65,0,0, M
1893-10-25,67.5,0,0, M
1893-10-26,55,0,0, M
1893-10-27,57,0.04,0, M
1893-10-28, M,0,0, M
1893-10-29, M,0,0, M
1893-10-30,33.5,0,0, M
1893-10-31,37,0,0, M
1893-11-01,43,0,0, M
1893-11-02,48,0,0, M
1893-11-03,54,0,0, M
1893-11-04,44.5,0.71,0, M
1893-11-05,40.5,0.12,0, M
1893-11-06,45,0,0, M
1893-11-07,41.5,0,0, M
1893-11-08,44,0.02,0, M
1893-11-09,49,0,0, M
1893-11-10,44.5,0,0, M
1893-11-11,42.5,0,0, M
1893-11-12,38,0,0, M
1893-11-13,46, T,0, M
1893-11-14,40.5,0.3,0.5, M
1893-11-15,32.5,0,0, M
1893-11-16,32,0,0, M
1893-11-17,40.5,0,0, M
1893-11-18,50,0,0, M
1893-11-19,37.5,0,0, M
1893-11-20,34,0,0, M
1893-11-21,29,0.33,2, M
1893-11-22,42,0,0, M
1893-11-23, M,0,0, M
1893-11-24, M,0,0, M
1893-11-25,21,0,0, M
1893-11-26,23,0,0, M
1893-11-27,27.5,0.92,0, M
1893-11-28,35.5,0,0, M
1893-11-29, M,0,0, M
1893-11-30,48, T,0, M
1893-12-01, M,0,0, M
1893-12-02, M,0.1,0, M
1893-12-03,39,0.06,0, M
1893-12-04,29, T,0, M
1893-12-05,26, T,0, M
1893-12-06,32,0,0, M
1893-12-07,37,0,0, M
1893-12-08,36,0,0, M
1893-12-09,33,0,0, M
1893-12-10,41,0,0, M
1893-12-11,38.5,0,0, M
1893-12-12,44,0,0, M
1893-12-13,28,0,0, M
1893-12-14,20.5,0,0, M
1893-12-15,42,0,0, M
1893-12-16, M,0.05,0, M
1893-12-17, M,0,0, M
1893-12-18,27.5,0,0, M
1893-12-19,33,0,0, M
1893-12-20, M,0,0, M
1893-12-21,33,0,0, M
1893-12-22,46.5,0,0, M
1893-12-23,50,0,0, M
1893-12-24,49.5,0,0, M
1893-12-25,49.5,0,0, M
1893-12-26,37,0,0, M
1893-12-27,33.5,0,0, M
1893-12-28,44,0.01,0, M
1893-12-29, M, T,0, M
1893-12-30, M,0.32,0, M
1893-12-31,35,0,0, M
1894-01-01,32,0,0, M
1894-01-02,31.5,0,0, M
1894-01-03,38,0,0, M
1894-01-04,44.5,0,0, M
1894-01-05,51,0.04,0, M
1894-01-06,50,0,0, M
1894-01-07,48.5,0.03,0, M
1894-01-08,30.5,0,0, M
1894-01-09,29,0.01, T, M
1894-01-10,37.5,0,0, M
1894-01-11,42,0.08,0, M
1894-01-12,29.5,0,0, M
1894-01-13,31,0,0, M
1894-01-14,43.5,0,0, M
1894-01-15,44.5,0.03,0, M
1894-01-16,50, T,0, M
1894-01-17,37.5,0,0, M
1894-01-18,35,0,0, M
1894-01-19,40.5,0,0, M
1894-01-20,29,0,0, M
1894-01-21,37.5,0.08,0, M
1894-01-22,35.5,0,0, M
1894-01-23,45,0,0, M
1894-01-24, M,0.04,0, M
1894-01-25, M,0,0, M
1894-01-26,18.5,0.03,0.5, M
1894-01-27,25,0,0, M
1894-01-28,30.5,0,0, M
1894-01-29,29.5,0.82,5, M
1894-01-30, M,0,0, M
1894-01-31,43,0,0, M
1894-02-01,41.5,0,0, M
1894-02-02,28.5,0,0, M
1894-02-03,41,0.1,0, M
1894-02-04,32.5,0.52,1, M
1894-02-05,22,0,0, M
1894-02-06,31.5,0,0, M
1894-02-07,36,0,0, M
1894-02-08,48.5,0.01,0, M
1894-02-09,50.5,0.23,0, M
1894-02-10,44,0,0, M
1894-02-11,43.5,0,0, M
1894-02-12,27.5,0.42,0, M
1894-02-13,30,0,0, M
1894-02-14,25,0.3,0, M
1894-02-15,30.5,0.08,2, M
1894-02-16,24,0,0, M
1894-02-17,32,0,0, M
1894-02-18,46,0.1,0, M
1894-02-19,46,0,0, M
1894-02-20,42.5,0,0, M
1894-02-21,44.5,0.42,5.5, M
1894-02-22,28,0,0, M
1894-02-23,27,0,0, M
1894-02-24,15,0,0, M
1894-02-25,22.5,1,6, M
1894-02-26,30,0.39,5, M
1894-02-27,31.5,0,0, M
1894-02-28,36,0,0, M
1894-03-01,37,0,0, M
1894-03-02,39.5,0,0, M
1894-03-03,42.5,0,0, M
1894-03-04,42,0,0, M
1894-03-05,50.5,0,0, M
1894-03-06,53, T,0, M
1894-03-07,51.5,0,0, M
1894-03-08,48,0,0, M
1894-03-09,50,0,0, M
1894-03-10,51.5,0,0, M
1894-03-11,54,0,0, M
1894-03-12,47,0,0, M
1894-03-13,46,0,0, M
1894-03-14,39.5,0,0, M
1894-03-15,37.5,0.21,0, M
1894-03-16,56.5,0,0, M
1894-03-17,55.5,0.1,0, M
1894-03-18,65.5,0,0, M
1894-03-19,68,0,0, M
1894-03-20,62.5,0,0, M
1894-03-21,62.5, T,0, M
1894-03-22,65,0.01,0, M
1894-03-23,56.5,0.02,0, M
1894-03-24,43.5,0.01,0, M
1894-03-25, M, T,0, M
1894-03-26, M,0, T, M
1894-03-27,21.5,0,0, M
1894-03-28,26.5,0,0, M
1894-03-29,40.5,0.1, T, M
1894-03-30,33.5,0,0, M
1894-03-31,49,0,0, M
1894-04-01, M, T,0, M
1894-04-02, M,0,0, M
1894-04-03,36.5,0,0, M
1894-04-04,51,0.01,0, M
1894-04-05,50.5,0,0, M
1894-04-06,42, M, T, M
1894-04-07,48,0,0, M
1894-04-08,45.5,0,0, M
1894-04-09,38,0,0, M
1894-04-10,32.5,0.8,1, M
1894-04-11,34,0.02,0.5, M
1894-04-12,38,0,0, M
1894-04-13,43.5,0,0, M
1894-04-14,48.5,0,0, M
1894-04-15,50,0,0, M
1894-04-16,54.5,0,0, M
1894-04-17,60,0,0, M
1894-04-18,59.5,0,0, M
1894-04-19,68.5,0.05,0, M
1894-04-20,65.5,0.17,0, M
1894-04-21,54.5,0.07,0, M
1894-04-22,47,0,0, M
1894-04-23,47,0,0, M
1894-04-24,46.5,0,0, M
1894-04-25,50.5,0,0, M
1894-04-26,56,0,0, M
1894-04-27,60,0.33,0, M
1894-04-28,61, T,0, M
1894-04-29,63,0.14,0, M
1894-04-30,57.5,0,0, M
1894-05-01,63,0,0, M
1894-05-02,69,0,0, M
1894-05-03,68,0,0, M
1894-05-04,64.5,0.09,0, M
1894-05-05,68,0.17,0, M
1894-05-06,70,0.57,0, M
1894-05-07,70.5,0,0, M
1894-05-08, M,0,0, M
1894-05-09,62,0,0, M
1894-05-10,65,0,0, M
1894-05-11,66,0,0, M
1894-05-12,63.5,0,0, M
1894-05-13,71,0,0, M
1894-05-14, M,0,0, M
1894-05-15,63,0,0, M
1894-05-16,65.5,1.54,0, M
1894-05-17,70.5,0,0, M
1894-05-18,67.5,0.09,0, M
1894-05-19,64,2.2,0, M
1894-05-20,65,0,0, M
1894-05-21,58.5,0,0, M
1894-05-22,51,0.63,0, M
1894-05-23,59, T,0, M
1894-05-24,55,0.28,0, M
1894-05-25,60, T,0, M
1894-05-26,62, T,0, M
1894-05-27,65,0.08,0, M
1894-05-28,57,0.05,0, M
1894-05-29,51.5,0,0, M
1894-05-30,58.5,0,0, M
1894-05-31,60,0,0, M
1894-06-01,53,0,0, M
1894-06-02,61, T,0, M
1894-06-03,66, T,0, M
1894-06-04,72, T,0, M
1894-06-05,70.5,0.06,0, M
1894-06-06,49.5,0.65,0, M
1894-06-07,51,0,0, M
1894-06-08,60.5,0,0, M
1894-06-09,64,0,0, M
1894-06-10,71.5,0,0, M
1894-06-11,74,0,0, M
1894-06-12,75, T,0, M
1894-06-13,73,0,0, M
1894-06-14,69.5,0,0, M
1894-06-15,67,0,0, M
1894-06-16,72,0.01,0, M
1894-06-17,73, T,0, M
1894-06-18,72, T,0, M
1894-06-19,69, M,0, M
1894-06-20,72.5,0,0, M
1894-06-21,75,0,0, M
1894-06-22,75,0,0, M
1894-06-23,76.5,0,0, M
1894-06-24,78.5, T,0, M
1894-06-25,77.5,0.15,0, M
1894-06-26,74,0.01,0, M
1894-06-27,75,0.3,0, M
1894-06-28,77,0,0, M
1894-06-29,81,0.08,0, M
1894-06-30,80,0.03,0, M
1894-07-01,76, T,0, M
1894-07-02,70.5,0.04,0, M
1894-07-03,76,0,0, M
1894-07-04,72,0,0, M
1894-07-05,74,0.15,0, M
1894-07-06,74.5,0.14,0, M
1894-07-07,66.5,0,0, M
1894-07-08,63.5,0,0, M
1894-07-09,64,0,0, M
1894-07-10,67.5, T,0, M
1894-07-11,72,0,0, M
1894-07-12,75,0,0, M
1894-07-13,78,0,0, M
1894-07-14,75, T,0, M
1894-07-15,75,0.44,0, M
1894-07-16,74.5,0,0, M
1894-07-17,74.5,0,0, M
1894-07-18,76.5,0,0, M
1894-07-19,81,0,0, M
1894-07-20,76.5,0,0, M
1894-07-21,84.5,0.02,0, M
1894-07-22, M,0.5,0, M
1894-07-23, M,0.28,0, M
1894-07-24,73,0,0, M
1894-07-25,74,0,0, M
1894-07-26,77.5,0,0, M
1894-07-27,78,0,0, M
1894-07-28,79,0,0, M
1894-07-29,79.5,0.66,0, M
1894-07-30,75,0.01,0, M
1894-07-31,76,0,0, M
1894-08-01,74,0,0, M
1894-08-02,76.5,0,0, M
1894-08-03,76.5,0.38,0, M
1894-08-04,70.5,0,0, M
1894-08-05,65.5,0,0, M
1894-08-06,65,0,0, M
1894-08-07,67.5,0,0, M
1894-08-08,74,0,0, M
1894-08-09,80, T,0, M
1894-08-10,71.5,0,0, M
1894-08-11,63,0.15,0, M
1894-08-12,73.5,0.02,0, M
1894-08-13,76.5, M,0, M
1894-08-14,71,0,0, M
1894-08-15,65.5, T,0, M
1894-08-16,75,0,0, M
1894-08-17,71,0,0, M
1894-08-18,70.5, T,0, M
1894-08-19,71,0.2,0, M
1894-08-20,71.5,0,0, M
1894-08-21,68,0,0, M
1894-08-22,66,0,0, M
1894-08-23,67,0,0, M
1894-08-24,69.5,0,0, M
1894-08-25,73.5,0,0, M
1894-08-26,70,0.85,0, M
1894-08-27,69,0.1,0, M
1894-08-28,70,0,0, M
1894-08-29,71,0,0, M
1894-08-30,74,0,0, M
1894-08-31,73,0,0, M
1894-09-01,70.5,0,0, M
1894-09-02,72.5,0,0, M
1894-09-03,70.5,0,0, M
1894-09-04,69.5,0,0, M
1894-09-05,73.5,0.25,0, M
1894-09-06,73.5,0.8,0, M
1894-09-07,75.5,0.17,0, M
1894-09-08,73.5,0.8,0, M
1894-09-09,76.5,0.06,0, M
1894-09-10,75.5,0,0, M
1894-09-11,70.5,0,0, M
1894-09-12,59.5,0,0, M
1894-09-13,62.5,0,0, M
1894-09-14,69.5,0,0, M
1894-09-15,71,0.98,0, M
1894-09-16,74,0,0, M
1894-09-17,71.5,0.75,0, M
1894-09-18,66.5,1.1,0, M
1894-09-19,64,0,0, M
1894-09-20,63,0,0, M
1894-09-21,62,0,0, M
1894-09-22,61.5,0,0, M
1894-09-23,64,0,0, M
1894-09-24,67,0,0, M
1894-09-25,53,0,0, M
1894-09-26,48,0.05,0, M
1894-09-27,53,0.05,0, M
1894-09-28,59,0.85,0, M
1894-09-29,64,0.1,0, M
1894-09-30,68, M,0, M
1894-10-01,64.5,0,0, M
1894-10-02,62.5,0,0, M
1894-10-03,62,0.12,0, M
1894-10-04,63.5,0.02,0, M
1894-10-05,58,0,0, M
1894-10-06,51.5,0,0, M
1894-10-07,51,0,0, M
1894-10-08,52.5,0,0, M
1894-10-09,48,1.1,0, M
1894-10-10,51,0.38,0, M
1894-10-11,51,0,0, M
1894-10-12,47.5,0,0, M
1894-10-13,53.5, T,0, M
1894-10-14,48.5,0,0, M
1894-10-15,42.5,0,0, M
1894-10-16,51,0,0, M
1894-10-17,64.5,0,0, M
1894-10-18,52,0,0, M
1894-10-19,55.5,0,0, M
1894-10-20,62,0,0, M
1894-10-21,63,0,0, M
1894-10-22,62,0,0, M
1894-10-23,60.5,0,0, M
1894-10-24,60.5, T,0, M
1894-10-25,52,0,0, M
1894-10-26,50.5,0,0, M
1894-10-27,50,0.06,0, M
1894-10-28, M,0,0, M
1894-10-29,55,0,0, M
1894-10-30,54.5,0.5,0, M
1894-10-31,51,0.18,0, M
1894-11-01,47.5,0,0, M
1894-11-02,50,0,0, M
1894-11-03,56,0.5,0, M
1894-11-04,45,0,0, M
1894-11-05,44,0,0, M
1894-11-06,38, T, T, M
1894-11-07,33.5, T, T, M
1894-11-08,44,0,0, M
1894-11-09,42.5,0.04,0, M
1894-11-10,35.5,0,0, M
1894-11-11,30, T, T, M
1894-11-12,27,0,0, M
1894-11-13,36.5,0,0, M
1894-11-14,40.5,0,0, M
1894-11-15,38.5,0,0, M
1894-11-16,49,0,0, M
1894-11-17,52.5, T,0, M
1894-11-18,46.5,0,0, M
1894-11-19,38.5,0,0, M
1894-11-20,29.5,0,0, M
1894-11-21,46.5,0,0, M
1894-11-22,44.5,0,0, M
1894-11-23,52,0.01,0, M
1894-11-24,39.5,0,0, M
1894-11-25,33,0,0, M
1894-11-26,29.5,0,0, M
1894-11-27,47.5,0,0, M
1894-11-28,30,0,0, M
1894-11-29,22,0,0, M
1894-11-30,34,0.03,0, M
1894-12-01,48,0,0, M
1894-12-02,50,0.01,0, M
1894-12-03,31.5,0,0, M
1894-12-04,42,0,0, M
1894-12-05,32,0,0, M
1894-12-06,34.5,0,0, M
1894-12-07,38,0,0, M
1894-12-08,45,0.62,0, M
1894-12-09,44,0,0, M
1894-12-10,32.5,0.43,0, M
1894-12-11,38.5,0.3,0, M
1894-12-12,50,0.32,0, M
1894-12-13,39.5,0,0, M
1894-12-14,38,0,0, M
1894-12-15,42,0,0, M
1894-12-16,45.5,0.04,0, M
1894-12-17, M,0,0, M
1894-12-18, M,0,0, M
1894-12-19,35.5,0,0, M
1894-12-20,34.5,0,0, M
1894-12-21,38.5,0,0, M
1894-12-22,48, T,0, M
1894-12-23,35.5,0,0, M
1894-12-24,41,0,0, M
1894-12-25, M,0,0, M
1894-12-26, M,0.73,7, M
1894-12-27,23,0,0, M
1894-12-28,12.5,0,0, M
1894-12-29,5,0,0, M
1894-12-30,14,0,0, M
1894-12-31,23.5, T, T, M
1895-01-01,14,0,0, M
1895-01-02,19.5,0.01,1, M
1895-01-03,20,0,0, M
1895-01-04,21.5,0,0, M
1895-01-05,13, T,0, M
1895-01-06,32.5, T,0, M
1895-01-07,43,0,0, M
1895-01-08, M,0.5,0, M
1895-01-09, M,0.71,11, M
1895-01-10,27,1.26,0, M
1895-01-11,35.5,0,0, M
1895-01-12, M,0.3,5, M
1895-01-13, M,0,0, M
1895-01-14,14.5,0,0, M
1895-01-15,23.5,0.13,0, M
1895-01-16,35,0.15,0, M
1895-01-17,28,0,0, M
1895-01-18,29.5,0,0, M
1895-01-19,39.5,0,0, M
1895-01-20,28,0,0, M
1895-01-21,40,0.22,0, M
1895-01-22,32.5,0,0, M
1895-01-23,30.5,0,0, M
1895-01-24,22.5,0,0, M
1895-01-25,20.5,0.58,2, M
1895-01-26,30,0,0, M
1895-01-27,28,0,0, M
1895-01-28,28,0.54,6, M
1895-01-29,25,0,0, M
1895-01-30,27,0,0, M
1895-01-31,22,0,0, M
1895-02-01,21.5,0,0, M
1895-02-02,22.5,0.22,3, M
1895-02-03,10,0,0, M
1895-02-04,21.5,0,0, M
1895-02-05,10.5,0,0, M
1895-02-06,2,0.28,2, M
1895-02-07,1,0.4,3, M
1895-02-08,-2,0,0, M
1895-02-09,7,0,0, M
1895-02-10,14.5,0,0, M
1895-02-11,12,0,0, M
1895-02-12,18,0.14,2, M
1895-02-13,14.5,0,0, M
1895-02-14,12,0,0, M
1895-02-15,18,0,0, M
1895-02-16,25,0.02,1, M
1895-02-17,21.5,0,0, M
1895-02-18,27,0,0, M
1895-02-19,34.5,0,0, M
1895-02-20,26.5,0,0, M
1895-02-21,33.5,0,0, M
1895-02-22,29.5,0,0, M
1895-02-23,25.5,0,0, M
1895-02-24,25.5,0,0, M
1895-02-25,40.5,0,0, M
1895-02-26,40.5,0,0, M
1895-02-27,38.5,0,0, M
1895-02-28,48.5,0,0, M
1895-03-01,53,0.4,0, M
1895-03-02,34,0.3,1, M
1895-03-03,37.5,0,0, M
1895-03-04,41,0.02,0, M
1895-03-05,27.5,0,0, M
1895-03-06,38,0,0, M
1895-03-07,44,0.16,0, M
1895-03-08,39.5,0,0, M
1895-03-09,33.5, T, T, M
1895-03-10,45,0,0, M
1895-03-11,35,0.14, T, M
1895-03-12,45.5,0,0, M
1895-03-13,41.5,0.41,0, M
1895-03-14,43,0,0, M
1895-03-15,35.5,0.34,0, M
1895-03-16,33,0.04,0, M
1895-03-17,27,0,0, M
1895-03-18,38, T, T, M
1895-03-19, M,0,0, M
1895-03-20, M,0.2,2, M
1895-03-21,31.5,0,0, M
1895-03-22,30.5,0,0, M
1895-03-23,33,0,0, M
1895-03-24,45,0.03, T, M
1895-03-25,48.5,0.04,0, M
1895-03-26,40.5,0,0, M
1895-03-27,45.5,0,0, M
1895-03-28,48.5,0,0, M
1895-03-29,47,0,0, M
1895-03-30,58,0,0, M
1895-03-31,44,0,0, M
1895-04-01,56,0.03,0, M
1895-04-02, M,0.24,0, M
1895-04-03, M,0.34,0, M
1895-04-04,38.5,0,0, M
1895-04-05,46.5,0,0, M
1895-04-06,55.5,0,0, M
1895-04-07,55,1,0, M
1895-04-08,58.5,0.63,0, M
1895-04-09,52.5,0,0, M
1895-04-10,55,0,0, M
1895-04-11,42,0,0, M
1895-04-12,45.5,0,0, M
1895-04-13,54,0.03,0, M
1895-04-14,39,0.35,0, M
1895-04-15,43,0,0, M
1895-04-16,45,0,0, M
1895-04-17,41,0,0, M
1895-04-18,44.5,0,0, M
1895-04-19,48,0,0, M
1895-04-20,56.5,0,0, M
1895-04-21,56,0,0, M
1895-04-22,55, T,0, M
1895-04-23,54.5,0,0, M
1895-04-24,56.5,0,0, M
1895-04-25,63.5,0,0, M
1895-04-26,67,0,0, M
1895-04-27, M,0.38,0, M
1895-04-28, M,0.04,0, M
1895-04-29,46,0.75,0, M
1895-04-30,54,0.09,0, M
1895-05-01,53,0.12,0, M
1895-05-02,51.5,0.02,0, M
1895-05-03,61.5,0.01,0, M
1895-05-04,67,0,0, M
1895-05-05,69,0,0, M
1895-05-06,68,0,0, M
1895-05-07,68,0.02,0, M
1895-05-08,68,0.01,0, M
1895-05-09,69,0,0, M
1895-05-10,67.5,0,0, M
1895-05-11,69.5,0.21,0, M
1895-05-12,50,0,0, M
1895-05-13,47.5,0,0, M
1895-05-14,43,0.08, T, M
1895-05-15,47,0.25,0, M
1895-05-16,43,0.3,0, M
1895-05-17,44.5,0.5,0, M
1895-05-18,53.5,0,0, M
1895-05-19,57,0.2,0, M
1895-05-20, M,0.06,0, M
1895-05-21, M,0.8,0, M
1895-05-22,48,0,0, M
1895-05-23,54.5,0,0, M
1895-05-24,58,0,0, M
1895-05-25,57.5,0.15,0, M
1895-05-26,67,0.17,0, M
1895-05-27,59.5,0.17,0, M
1895-05-28,58,0,0, M
1895-05-29,69.5,0,0, M
1895-05-30,74,0,0, M
1895-05-31,77,0,0, M
1895-06-01,77,0,0, M
1895-06-02,77,0,0, M
1895-06-03,77,0,0, M
1895-06-04,78,0,0, M
1895-06-05,73.5,0.47,0, M
1895-06-06,65,0,0, M
1895-06-07,58.5,0,0, M
1895-06-08,61.5,0,0, M
1895-06-09,60,0,0, M
1895-06-10,60.5,0,0, M
1895-06-11,64,0.04,0, M
1895-06-12,71,0.03,0, M
1895-06-13,73.5,0.13,0, M
1895-06-14,70.5,0,0, M
1895-06-15,72,0.03,0, M
1895-06-16,70.5,0,0, M
1895-06-17,64.5,0,0, M
1895-06-18,65,0,0, M
1895-06-19,70.5,0,0, M
1895-06-20,73.5,0,0, M
1895-06-21,76.5,0.32,0, M
1895-06-22,77.5,0,0, M
1895-06-23,72,0.04,0, M
1895-06-24,71,0.33,0, M
1895-06-25,70.5,0.24,0, M
1895-06-26,77.5,0.03,0, M
1895-06-27,70.5,0.07,0, M
1895-06-28,71,0,0, M
1895-06-29,71,0.42,0, M
1895-06-30,79.5,0.83,0, M
1895-07-01,65.5,0.2,0, M
1895-07-02,61.5,0,0, M
1895-07-03,64,0,0, M
1895-07-04,61,0,0, M
1895-07-05, M,0.2,0, M
1895-07-06, M,0,0, M
1895-07-07,74.5,0.05,0, M
1895-07-08,72.5,0.11,0, M
1895-07-09,74,0,0, M
1895-07-10,64,0,0, M
1895-07-11,61,0.02,0, M
1895-07-12,64,0,0, M
1895-07-13,67.5,0,0, M
1895-07-14,67.5,0,0, M
1895-07-15,66,0.27,0, M
1895-07-16,72.5,0,0, M
1895-07-17,75.5,0,0, M
1895-07-18,77,0,0, M
1895-07-19,76,0,0, M
1895-07-20,79.5, T,0, M
1895-07-21,79,1,0, M
1895-07-22,73,0.58,0, M
1895-07-23,75,1.23,0, M
1895-07-24,59.5,0.6,0, M
1895-07-25,65,0.14,0, M
1895-07-26,64.5, T,0, M
1895-07-27,69,0.33,0, M
1895-07-28,63.5,0,0, M
1895-07-29,62.5,0,0, M
1895-07-30,68,0.28,0, M
1895-07-31,62,0,0, M
1895-08-01,62,0,0, M
1895-08-02,64,0,0, M
1895-08-03,67.5,0,0, M
1895-08-04,72, T,0, M
1895-08-05,73,0,0, M
1895-08-06,79,0.2,0, M
1895-08-07,77,0,0, M
1895-08-08,72.5,0,0, M
1895-08-09,73.5,0.42,0, M
1895-08-10,76,0,0, M
1895-08-11,79, T,0, M
1895-08-12,80,0.02,0, M
1895-08-13,82,0,0, M
1895-08-14,74.5, T,0, M
1895-08-15,75.5,0,0, M
1895-08-16,77,0,0, M
1895-08-17,74,0,0, M
1895-08-18,74, M, M, M
1895-08-19,73,0,0, M
1895-08-20,64.5, M,0, M
1895-08-21,63.5,0,0, M
1895-08-22,66,0,0, M
1895-08-23,72,0,0, M
1895-08-24,77,0,0, M
1895-08-25,67.5, M, M, M
1895-08-26,71, M, M, M
1895-08-27,75.5,0.03,0, M
1895-08-28,76,0.5,0, M
1895-08-29,73.5,0.02,0, M
1895-08-30,77.5,0.21,0, M
1895-08-31,75,0.03,0, M
1895-09-01,64.5,0,0, M
1895-09-02,60.5,0,0, M
1895-09-03,65.5,0,0, M
1895-09-04,65.5,0,0, M
1895-09-05,69,0,0, M
1895-09-06,71.5,0,0, M
1895-09-07,72,0.02,0, M
1895-09-08,72,0.08,0, M
1895-09-09,68.5,0,0, M
1895-09-10,74.5,0.01,0, M
1895-09-11,75.5,0,0, M
1895-09-12,72,0,0, M
1895-09-13,76.5,0,0, M
1895-09-14,63.5,0,0, M
1895-09-15,58,0,0, M
1895-09-16,68,0.06,0, M
1895-09-17,71.5, M, M, M
1895-09-18,76,0,0, M
1895-09-19,83.5,0.02,0, M
1895-09-20,81,0,0, M
1895-09-21,78,0,0, M
1895-09-22,75,0,0, M
1895-09-23,75,0,0, M
1895-09-24,75.5,0,0, M
1895-09-25,75,0,0, M
1895-09-26,74,0.01,0, M
1895-09-27,74,0,0, M
1895-09-28,56,0,0, M
1895-09-29,53,0,0, M
1895-09-30,46.5,0,0, M
1895-10-01,46,0,0, M
1895-10-02,46.5,0,0, M
1895-10-03,49,0,0, M
1895-10-04,52,0,0, M
1895-10-05,57.5,0,0, M
1895-10-06,63,0,0, M
1895-10-07, M,0.06,0, M
1895-10-08, M,0.1,0, M
1895-10-09, M,0, T, M
1895-10-10,37.5,0,0, M
1895-10-11,47.5,0,0, M
1895-10-12,50,0.24,0, M
1895-10-13,54.5,0,0, M
1895-10-14,56,0,0, M
1895-10-15,52.5,0,0, M
1895-10-16,50.5,0,0, M
1895-10-17,51,0,0, M
1895-10-18,44.5,0,0, M
1895-10-19,58,0,0, M
1895-10-20,41,0,0, M
1895-10-21,43.5,0,0, M
1895-10-22,49,0,0, M
1895-10-23,51.5,0,0, M
1895-10-24,41.5,0,0, M
1895-10-25,53,0,0, M
1895-10-26,51,0,0, M
1895-10-27,54.5,0,0, M
1895-10-28,51.5,0,0, M
1895-10-29,39.5,0,0, M
1895-10-30,34,0,0, M
1895-10-31,32,0.7,0.3, M
1895-11-01,42,0,0, M
1895-11-02,35,0.05,0.3, M
1895-11-03,40.5,0,0, M
1895-11-04,43.5,0,0, M
1895-11-05,44.5,0,0, M
1895-11-06,52.5,0,0, M
1895-11-07,60.5, T,0, M
1895-11-08,65,0.1,0, M
1895-11-09, M,0.15,0, M
1895-11-10, M,0.28, T, M
1895-11-11,33,0,0, M
1895-11-12,35.5,0,0, M
1895-11-13,35,0,0, M
1895-11-14,39,0,0, M
1895-11-15,48,0.45,0, M
1895-11-16,43,0,0, M
1895-11-17,45.5,0.01,0, M
1895-11-18,45,0,0, M
1895-11-19,49.5,0.1,0, M
1895-11-20,26.5, T, T, M
1895-11-21,29,0,0, M
1895-11-22,36.5,0,0, M
1895-11-23,48.5,0,0, M
1895-11-24,51,0.01,0, M
1895-11-25,42.5,0.02,0, M
1895-11-26,57,0.25,0, M
1895-11-27,35,0,0, M
1895-11-28,33,0,0, M
1895-11-29,34,0,0, M
1895-11-30,41.5,0,0, M
1895-12-01,34.5,0,0, M
1895-12-02, M,0.15,0, M
1895-12-03, M,0,0, M
1895-12-04,17,0,0, M
1895-12-05,21.5, T, T, M
1895-12-06,20.5,0,0, M
1895-12-07,36,0,0, M
1895-12-08,40,0.2,0, M
1895-12-09,29,0,0, M
1895-12-10,26,0,0, M
1895-12-11,19.5,0.12,1, M
1895-12-12,24, T, T, M
1895-12-13,17,0,0, M
1895-12-14,15.5,0,0, M
1895-12-15,30.5,0,0, M
1895-12-16,30.5,0,0, M
1895-12-17,28,0,0, M
1895-12-18,36.5,0,0, M
1895-12-19,48,0,0, M
1895-12-20,54,0.01,0, M
1895-12-21,53,1.3,0, M
1895-12-22,41.5,0,0, M
1895-12-23,49.5,0,0, M
1895-12-24,52.5,0,0, M
1895-12-25,52.5,0,0, M
1895-12-26, M,0.28,0, M
1895-12-27, M,0,0, M
1895-12-28,30.5,0.1,1, M
1895-12-29,29,0,0, M
1895-12-30,27.5,0.6,0, M
1895-12-31,30,0,0, M
1896-01-01,28,0,0, M
1896-01-02,31,0,0, M
1896-01-03, M, T, T, M
1896-01-04, M,0,0, M
1896-01-05,8.5,0,0, M
1896-01-06,10.5, T, T, M
1896-01-07,25,0,0, M
1896-01-08,30,0,0, M
1896-01-09,35,0,0, M
1896-01-10,30,0,0, M
1896-01-11,29.5,0,0, M
1896-01-12,37,0,0, M
1896-01-13,35,0,0, M
1896-01-14,27.5,0,0, M
1896-01-15,22,0,0, M
1896-01-16,25,0,0, M
1896-01-17,36,0,0, M
1896-01-18,37,0,0, M
1896-01-19,37,0.09,0, M
1896-01-20,32.5,0,0, M
1896-01-21,35,0,0, M
1896-01-22,35,0.6,0, M
1896-01-23,31.5,1,0, M
1896-01-24,41,0.06,0, M
1896-01-25,41,0,0, M
1896-01-26,39.5,0,0, M
1896-01-27,34,0,0, M
1896-01-28,30,0,0, M
1896-01-29,39.5,0,0, M
1896-01-30,42,0,0, M
1896-01-31,37, T,0, M
1896-02-01,49.5,0.2,0, M
1896-02-02,49,0.72,0, M
1896-02-03,35.5,0.02,0, M
1896-02-04,42,0,0, M
1896-02-05,38,0.44,0, M
1896-02-06,38.5,0.4,0, M
1896-02-07,39,0,0, M
1896-02-08,31.5,0.38,0, M
1896-02-09,31,0,0, M
1896-02-10,32.5,0,0, M
1896-02-11,27.5,0,0, M
1896-02-12,36,0,0, M
1896-02-13,43,0.84,0, M
1896-02-14,34.5,0,0, M
1896-02-15, M,0,0, M
1896-02-16, M,0,0, M
1896-02-17,13.5,0,0, M
1896-02-18,16.5,0,0, M
1896-02-19, M, T, T, M
1896-02-20, M,0,0, M
1896-02-21, M,0,0, M
1896-02-22,22.5,0,0, M
1896-02-23,45,0,0, M
1896-02-24, M,0,0, M
1896-02-25, M,0,0, M
1896-02-26,37,0,0, M
1896-02-27,40.5,0,0, M
1896-02-28,42.5,0.3,0, M
1896-02-29,45.5,0.1,0, M
1896-03-01,43.5,0,0, M
1896-03-02,32.5,0,0, M
1896-03-03,34,0,0, M
1896-03-04,31.5,0,0, M
1896-03-05,36.5,0,0, M
1896-03-06,43,0.01,0, M
1896-03-07,50.5, T,0, M
1896-03-08,38,0,0, M
1896-03-09,36.5,0,0, M
1896-03-10,46.5,0,0, M
1896-03-11,28.5,0.5,7, M
1896-03-12,20.5,0,0, M
1896-03-13,16.5,0,0, M
1896-03-14,20,0,0, M
1896-03-15,28.5,0.19,2, M
1896-03-16,32.5,0.72, T, M
1896-03-17,28,0,0, M
1896-03-18,31.5,0,0, M
1896-03-19,39,0.8,0, M
1896-03-20,29.5,0,0, M
1896-03-21,32.5,0,0, M
1896-03-22,48,0,0, M
1896-03-23,29.5,0.3,2, M
1896-03-24,20.5,0,0, M
1896-03-25,30.5,0,0, M
1896-03-26,47.5,0.03,0, M
1896-03-27,35,0,0, M
1896-03-28,38.5,0,0, M
1896-03-29,55,0.95,0, M
1896-03-30,59.5,0.15,0, M
1896-03-31,50,0.05,0, M
1896-04-01,48.5,0.29,0, M
1896-04-02,43.5,0,0, M
1896-04-03,32, T, T, M
1896-04-04,36.5,0,0, M
1896-04-05,45,0,0, M
1896-04-06,45,0.03,0, M
1896-04-07,37.5,0,0, M
1896-04-08,35,0,0, M
1896-04-09,32.5,0.15, T, M
1896-04-10,38.5,0,0, M
1896-04-11,47,0.14,0, M
1896-04-12,57,0,0, M
1896-04-13,65.5,0,0, M
1896-04-14,69,0,0, M
1896-04-15,68.5,0,0, M
1896-04-16,69.5,0,0, M
1896-04-17,72,0,0, M
1896-04-18,73,0,0, M
1896-04-19,72.5,0,0, M
1896-04-20,70.5,0,0, M
1896-04-21,71,0,0, M
1896-04-22,59,0,0, M
1896-04-23,55,0,0, M
1896-04-24,62.5,0.54,0, M
1896-04-25,52,0,0, M
1896-04-26,59.5,0,0, M
1896-04-27,53.5,0.02,0, M
1896-04-28,59.5,0,0, M
1896-04-29,65,0,0, M
1896-04-30,57,0.02,0, M
1896-05-01,57.5,0.1,0, M
1896-05-02,61.5,0.08,0, M
1896-05-03,60.5,0.18,0, M
1896-05-04,63,0,0, M
1896-05-05,66,0,0, M
1896-05-06,62.5,0,0, M
1896-05-07,57,0,0, M
1896-05-08,61.5, T,0, M
1896-05-09,73,0,0, M
1896-05-10,74,0,0, M
1896-05-11,74.5,0,0, M
1896-05-12,75.5,0.05,0, M
1896-05-13,70.5,0.27,0, M
1896-05-14,70.5,0,0, M
1896-05-15,73,0,0, M
1896-05-16,69,0,0, M
1896-05-17,76.5,0,0, M
1896-05-18,72.5,0.01,0, M
1896-05-19,71.5,0.1,0, M
1896-05-20,57,0.15,0, M
1896-05-21,66,0.55,0, M
1896-05-22,70,0.01,0, M
1896-05-23,65.5,0.31,0, M
1896-05-24,61.5, T,0, M
1896-05-25,65,0.01,0, M
1896-05-26,74.5,0.15,0, M
1896-05-27,65.5,0,0, M
1896-05-28,73,0.02,0, M
1896-05-29,62.5,0,0, M
1896-05-30,61.5,0,0, M
1896-05-31,73,0,0, M
1896-06-01,67,0,0, M
1896-06-02,62.5,0,0, M
1896-06-03,60,0.14,0, M
1896-06-04,65.5,0.28,0, M
1896-06-05,70.5,0,0, M
1896-06-06,71.5,1.12,0, M
1896-06-07,72.5,0.15,0, M
1896-06-08,72.5,0.26,0, M
1896-06-09,67,0.18,0, M
1896-06-10,65.5,0,0, M
1896-06-11,63,0,0, M
1896-06-12,64,0,0, M
1896-06-13,63,0.2,0, M
1896-06-14,62,0.06,0, M
1896-06-15,66,0,0, M
1896-06-16,69.5,1,0, M
1896-06-17,67.5,0.8,0, M
1896-06-18,68,0,0, M
1896-06-19,69.5,0.35,0, M
1896-06-20,71.5,0,0, M
1896-06-21,73.5,0.14,0, M
1896-06-22,74,0.02,0, M
1896-06-23,69.5,0.15,0, M
1896-06-24,68,0.17,0, M
1896-06-25,61.5,0.25,0, M
1896-06-26,74.5,0.05,0, M
1896-06-27,69.5,0,0, M
1896-06-28,72.5,0,0, M
1896-06-29,70,0,0, M
1896-06-30,67.5,0,0, M
1896-07-01,71.5,0,0, M
1896-07-02,71.5,0,0, M
1896-07-03,74.5,1.16,0, M
1896-07-04,75,0.62,0, M
1896-07-05,73,0.03,0, M
1896-07-06,74,0,0, M
1896-07-07, M,0.46,0, M
1896-07-08, M,0.78,0, M
1896-07-09,65,0.4,0, M
1896-07-10,67.5,0,0, M
1896-07-11,71.5,0.01,0, M
1896-07-12,74.5,0.44,0, M
1896-07-13,76,0,0, M
1896-07-14,76,0,0, M
1896-07-15,77,0.1,0, M
1896-07-16,73.5,0.18,0, M
1896-07-17,64.5,0,0, M
1896-07-18,65.5,0,0, M
1896-07-19,70,0,0, M
1896-07-20,75.5,0,0, M
1896-07-21,76.5,0.2,0, M
1896-07-22,75.5,0.11,0, M
1896-07-23,72.5,0,0, M
1896-07-24,71,0.5,0, M
1896-07-25,72,0.11,0, M
1896-07-26,70.5,0,0, M
1896-07-27,79,0,0, M
1896-07-28,78.5, T,0, M
1896-07-29,79.5,0.23,0, M
1896-07-30,78,0.34,0, M
1896-07-31,71,0,0, M
1896-08-01,67,0,0, M
1896-08-02,73.5,0.23,0, M
1896-08-03,75.5,0.02,0, M
1896-08-04,76.5,0,0, M
1896-08-05,77,0,0, M
1896-08-06,79,0,0, M
1896-08-07,78, T,0, M
1896-08-08,77.5,0.01,0, M
1896-08-09,80.5,0,0, M
1896-08-10,80.5,0.38,0, M
1896-08-11,76,0,0, M
1896-08-12,76,0,0, M
1896-08-13,77.5,0.08,0, M
1896-08-14,73,0,0, M
1896-08-15,72.5,0,0, M
1896-08-16,75.5,0.56,0, M
1896-08-17,74,0,0, M
1896-08-18,67,0,0, M
1896-08-19,60,0,0, M
1896-08-20,59.5,0,0, M
1896-08-21,65.5,0.06,0, M
1896-08-22,75,0,0, M
1896-08-23,75.5,0.01,0, M
1896-08-24,68,0.2,0, M
1896-08-25,65.5,0,0, M
1896-08-26,66.5,0,0, M
1896-08-27,68,0,0, M
1896-08-28,62,0,0, M
1896-08-29,59.5,0,0, M
1896-08-30,62,0,0, M
1896-08-31,67,0,0, M
1896-09-01,68,0,0, M
1896-09-02,63.5,0,0, M
1896-09-03,70.5,0.03,0, M
1896-09-04,58.5,0,0, M
1896-09-05,63,0.03,0, M
1896-09-06,67,0,0, M
1896-09-07,56,0,0, M
1896-09-08,58.5,0,0, M
1896-09-09,65,0,0, M
1896-09-10,72,0,0, M
1896-09-11,74.5,0.63,0, M
1896-09-12,66.5, M,0, M
1896-09-13,74.5,0.28,0, M
1896-09-14,73,0.13,0, M
1896-09-15,69,0.15,0, M
1896-09-16,65.5,0.08,0, M
1896-09-17,72.5,0,0, M
1896-09-18,74.5,0,0, M
1896-09-19,69,0.11,0, M
1896-09-20,59,0,0, M
1896-09-21,56,0,0, M
1896-09-22,60,0.11,0, M
1896-09-23,51.5,0,0, M
1896-09-24,51,0,0, M
1896-09-25,55.5,0,0, M
1896-09-26,63.5,0,0, M
1896-09-27,64,0,0, M
1896-09-28,56.5,0,0, M
1896-09-29,65.5,4.8,0, M
1896-09-30,54.5,1.5,0, M
1896-10-01,59.5,0,0, M
1896-10-02,52.5,0,0, M
1896-10-03,55,0,0, M
1896-10-04,51.5,0,0, M
1896-10-05,52.5,0,0, M
1896-10-06,53.5,0,0, M
1896-10-07,54,0,0, M
1896-10-08,45.5,0,0, M
1896-10-09,42,0,0, M
1896-10-10,39,0,0, M
1896-10-11,46,0,0, M
1896-10-12,48,0.05,0, M
1896-10-13,48,0.04,0, M
1896-10-14,48,0,0, M
1896-10-15,55.5,0,0, M
1896-10-16,49,0,0, M
1896-10-17,54,0,0, M
1896-10-18,41.5,0,0, M
1896-10-19,41.5,0,0, M
1896-10-20,49.5,0,0, M
1896-10-21,52.5,0,0, M
1896-10-22,45.5,0,0, M
1896-10-23,50.5,0.06,0, M
1896-10-24,51.5,0,0, M
1896-10-25,40.5,0,0, M
1896-10-26,50,0,0, M
1896-10-27,53,0,0, M
1896-10-28,55.5,0,0, M
1896-10-29,61.5,0,0, M
1896-10-30,63,0.01,0, M
1896-10-31,60,0,0, M
1896-11-01,50.5,0.04,0, M
1896-11-02,52,0,0, M
1896-11-03,55.5,0,0, M
1896-11-04,54,0.58,0, M
1896-11-05,61,1.58,0, M
1896-11-06,51.5,0,0, M
1896-11-07,47,0,0, M
1896-11-08,41.5,0.22,0, M
1896-11-09,32.5,0,0, M
1896-11-10,40.5,0,0, M
1896-11-11,54.5,0.01,0, M
1896-11-12,48,0.27,0, M
1896-11-13,37, M, T, M
1896-11-14,27.5,0,0, M
1896-11-15,45,0,0, M
1896-11-16,50.5,0,0, M
1896-11-17,54.5,0,0, M
1896-11-18,59,0,0, M
1896-11-19, M,0,0, M
1896-11-20, M,0.2,0, M
1896-11-21,45.5,0.1,0, M
1896-11-22,40,0,0, M
1896-11-23,37.5,0,0, M
1896-11-24,47.5,0,0, M
1896-11-25,53,0,0, M
1896-11-26,57.5,0,0, M
1896-11-27,59.5,0,0, M
1896-11-28,63,0.3,0, M
1896-11-29,42.5,0.6,0, M
1896-11-30,36,0.4,4, M
1896-12-01,22,0,0, M
1896-12-02,16.5,0,0, M
1896-12-03,21.5,0,0, M
1896-12-04,23.5,0,0, M
1896-12-05,34,0,0, M
1896-12-06,42,0,0, M
1896-12-07,45,0,0, M
1896-12-08,49, T,0, M
1896-12-09,47,0,0, M
1896-12-10,50.5,0,0, M
1896-12-11,46,0,0, M
1896-12-12,39.5,0,0, M
1896-12-13,49.5,0,0, M
1896-12-14, M,0,0, M
1896-12-15, M,0,0, M
1896-12-16,34.5,0,0, M
1896-12-17,31.5,0,0, M
1896-12-18,39,0,0, M
1896-12-19,29.5,0,0, M
1896-12-20,29,0,0, M
1896-12-21,26.5,0,0, M
1896-12-22,30, T, T, M
1896-12-23,26,0,0, M
1896-12-24,18,0,0, M
1896-12-25,13.5,0,0, M
1896-12-26,32,0,0, M
1896-12-27,28,0,0, M
1896-12-28,27.5,0,0, M
1896-12-29,39,0,0, M
1896-12-30,43.5, T,0, M
1896-12-31,48.5,0,0, M
1897-01-01,38.5,0,0, M
1897-01-02,42.5,0,0, M
1897-01-03,46.5,0,0, M
1897-01-04,53.5,0.21,0, M
1897-01-05,43.5,0,0, M
1897-01-06,33,0,0, M
1897-01-07,23,0,0, M
1897-01-08,25.5,0,0, M
1897-01-09,31,0,0, M
1897-01-10,41,0,0, M
1897-01-11,35, T, T, M
1897-01-12,24.5, T, T, M
1897-01-13,19.5, T, T, M
1897-01-14,24.5,0.04,0, M
1897-01-15,27.5,0,0, M
1897-01-16,29,0,0, M
1897-01-17,36,0.2,0, M
1897-01-18,36, T, T, M
1897-01-19,32,0,0, M
1897-01-20,23.5,0.71,3, M
1897-01-21,36.5,0,0, M
1897-01-22,35.5,0,0, M
1897-01-23,27,0,0, M
1897-01-24, M,0,0, M
1897-01-25, M,0,0, M
1897-01-26,15,0,0, M
1897-01-27,18,0.4,4, M
1897-01-28,7,0,0, M
1897-01-29,13,0,0, M
1897-01-30,14,0,0, M
1897-01-31,22.5,0,0, M
1897-02-01,20.5,0.1,0.5, M
1897-02-02,28.5,0.53,3.5, M
1897-02-03,34.5,0,0, M
1897-02-04,25,0,0, M
1897-02-05,24.5,0.12,1, M
1897-02-06,32,1.5,2, M
1897-02-07,40.5,0,0, M
1897-02-08,35,0.09,0.7, M
1897-02-09,34,0,0, M
1897-02-10,27,0,0, M
1897-02-11,26,0,0, M
1897-02-12,35.5,0.86,0.2, M
1897-02-13,37,0,0, M
1897-02-14,43.5,0,0, M
1897-02-15,43,0,0, M
1897-02-16,44,0,0, M
1897-02-17,42.5,0,0, M
1897-02-18,47,0.01,0, M
1897-02-19,37, M,0, M
1897-02-20,29.5,0.4,3, M
1897-02-21,43,0.1,0, M
1897-02-22,42.5,0.66,0, M
1897-02-23,40,1,0, M
1897-02-24,32.5,0,0, M
1897-02-25,36,0,0, M
1897-02-26,28.5,0.27,3, M
1897-02-27,16.5,0,0, M
1897-02-28,23.5,0,0, M
1897-03-01,33.5,0,0, M
1897-03-02,49,0,0, M
1897-03-03,55.5,0.03,0, M
1897-03-04,39.5,0,0, M
1897-03-05,43,0.01,0, M
1897-03-06,42.5,0.23,0, M
1897-03-07,31,0,0, M
1897-03-08,37.5,0,0, M
1897-03-09,48,0.29,0, M
1897-03-10,58,0,0, M
1897-03-11,41,0,0, M
1897-03-12,51,0.07,0, M
1897-03-13,40.5,0,0, M
1897-03-14,42,0.71,0.5, M
1897-03-15,38,0,0, M
1897-03-16,40,0,0, M
1897-03-17,39.5,0.06,0, M
1897-03-18,47,0.2,0, M
1897-03-19,54.5,0.35,0, M
1897-03-20,60.5,0,0, M
1897-03-21,60.5,0,0, M
1897-03-22,62,0,0, M
1897-03-23, M,0.23,0, M
1897-03-24, M,0.1,0, M
1897-03-25,36.5, T, T, M
1897-03-26,35,0,0, M
1897-03-27,33,0.12,3, M
1897-03-28,39,0,0, M
1897-03-29,41.5,0,0, M
1897-03-30,51,0,0, M
1897-03-31,50.5,0,0, M
1897-04-01,41,0,0, M
1897-04-02,42,0,0, M
1897-04-03,54.5,0,0, M
1897-04-04,42,0.83,0, M
1897-04-05,54,0.2,0, M
1897-04-06,50,0,0, M
1897-04-07,45.5,0.02,0, M
1897-04-08,40.5,0.43,0, M
1897-04-09,52.5,0,0, M
1897-04-10,41,0,0, M
1897-04-11,44,0,0, M
1897-04-12,44.5,0,0, M
1897-04-13,45.5,0,0, M
1897-04-14,58,0,0, M
1897-04-15,51,0.18,0, M
1897-04-16,49,0.01,0, M
1897-04-17,45,0,0, M
1897-04-18,44.5,0,0, M
1897-04-19,56,0,0, M
1897-04-20,37,0,0, M
1897-04-21,43.5,0,0, M
1897-04-22,55,0,0, M
1897-04-23,60,0,0, M
1897-04-24,64.5,0,0, M
1897-04-25,66.5,0,0, M
1897-04-26,62.5,0.01,0, M
1897-04-27,54,0,0, M
1897-04-28,57,0,0, M
1897-04-29,59,0,0, M
1897-04-30,63,0.02,0, M
1897-05-01,56,0.9,0, M
1897-05-02,47.5,1.2,0, M
1897-05-03,43,0.3, T, M
1897-05-04,46.5,0.02,0, M
1897-05-05,51.5,0.05,0, M
1897-05-06,60,0,0, M
1897-05-07,63.5,0,0, M
1897-05-08,60.5,0,0, M
1897-05-09,63,0.07,0, M
1897-05-10,63.5,0,0, M
1897-05-11,61,0.1,0, M
1897-05-12,66,0.7,0, M
1897-05-13,65,1.2,0, M
1897-05-14,60.5,0,0, M
1897-05-15,54.5,0.39,0, M
1897-05-16,52.5,0,0, M
1897-05-17,53,0,0, M
1897-05-18,58,0,0, M
1897-05-19,64,0,0, M
1897-05-20,69,0,0, M
1897-05-21,65,0.01,0, M
1897-05-22,57,0,0, M
1897-05-23,63,0.31,0, M
1897-05-24,63,0.07,0, M
1897-05-25,51.5,0,0, M
1897-05-26,52,0,0, M
1897-05-27,58.5,0,0, M
1897-05-28,57,0,0, M
1897-05-29,67,0,0, M
1897-05-30,58,0.05,0, M
1897-05-31,65.5,0,0, M
1897-06-01,57,0,0, M
1897-06-02,62,0,0, M
1897-06-03,70.5,0.45,0, M
1897-06-04,70,0.6,0, M
1897-06-05,68.5,0.71,0, M
1897-06-06,67.5,0,0, M
1897-06-07,63,0,0, M
1897-06-08,58,0.12,0, M
1897-06-09,64,0,0, M
1897-06-10,62,0,0, M
1897-06-11,65,0,0, M
1897-06-12,71,0,0, M
1897-06-13,69,0.03,0, M
1897-06-14,71,0,0, M
1897-06-15,73,0,0, M
1897-06-16,76,0.41,0, M
1897-06-17,72.5,0.01,0, M
1897-06-18,69,0.25,0, M
1897-06-19,72.5,0.08,0, M
1897-06-20,75.5,0.18,0, M
1897-06-21,63.5,0,0, M
1897-06-22,62,0,0, M
1897-06-23,69.5,0.01,0, M
1897-06-24,75,0,0, M
1897-06-25,75.5,0,0, M
1897-06-26,73,0,0, M
1897-06-27,69.5,0,0, M
1897-06-28,74,0,0, M
1897-06-29,79,0.01,0, M
1897-06-30,78,0.02,0, M
1897-07-01,75,0.57,0, M
1897-07-02,77.5,0,0, M
1897-07-03,77.5,0,0, M
1897-07-04,79.5,0,0, M
1897-07-05,78.5,0,0, M
1897-07-06,78.5,0,0, M
1897-07-07,77,0.1,0, M
1897-07-08,75,0,0, M
1897-07-09,75.5,0,0, M
1897-07-10,75.5,0,0, M
1897-07-11,75,0.16,0, M
1897-07-12,71.5,0.26,0, M
1897-07-13,69,0,0, M
1897-07-14,65.5,0,0, M
1897-07-15,65.5,0,0, M
1897-07-16,66.5, T,0, M
1897-07-17,72,0.06,0, M
1897-07-18,73,1.02,0, M
1897-07-19,70,0.38,0, M
1897-07-20,66,0.75,0, M
1897-07-21,63.5,0.14,0, M
1897-07-22,73,0,0, M
1897-07-23,76,0.11,0, M
1897-07-24,75.5,0,0, M
1897-07-25,75,0,0, M
1897-07-26,72,0.1,0, M
1897-07-27,74,0.35,0, M
1897-07-28,72,0.15,0, M
1897-07-29,72,0,0, M
1897-07-30,72,0,0, M
1897-07-31,72,0,0, M
1897-08-01,73.5,0,0, M
1897-08-02,73,0,0, M
1897-08-03,75.5, T,0, M
1897-08-04,80, T,0, M
1897-08-05,73.5,0.02,0, M
1897-08-06,68,0,0, M
1897-08-07,66,0,0, M
1897-08-08,66, T,0, M
1897-08-09,72,0.01,0, M
1897-08-10,73,0.31,0, M
1897-08-11,68,0,0, M
1897-08-12,68,0,0, M
1897-08-13,69,0,0, M
1897-08-14,73.5,0,0, M
1897-08-15,76, T,0, M
1897-08-16,74, T,0, M
1897-08-17,66,0,0, M
1897-08-18,67,0,0, M
1897-08-19,65,0,0, M
1897-08-20,66, T,0, M
1897-08-21,71,0,0, M
1897-08-22,76.5,0,0, M
1897-08-23,69,0.23,0, M
1897-08-24,66,0.11,0, M
1897-08-25,69,0,0, M
1897-08-26,68,0,0, M
1897-08-27,74,0,0, M
1897-08-28,69.5,0,0, M
1897-08-29,70,0,0, M
1897-08-30,70.5,0,0, M
1897-08-31,71.5,0,0, M
1897-09-01,69.5,0,0, M
1897-09-02,73.5,0,0, M
1897-09-03,62.5,0,0, M
1897-09-04,61,0,0, M
1897-09-05,64,0,0, M
1897-09-06,67.5,0,0, M
1897-09-07,72.5,0,0, M
1897-09-08,75.5,0,0, M
1897-09-09,73.5,0,0, M
1897-09-10,74,0,0, M
1897-09-11,76.5,0,0, M
1897-09-12,70,0,0, M
1897-09-13,76,0,0, M
1897-09-14,76.5,0,0, M
1897-09-15,74.5,0,0, M
1897-09-16,78.5,0,0, M
1897-09-17,79.5, T,0, M
1897-09-18,58.5,0,0, M
1897-09-19,61,0,0, M
1897-09-20,61,0,0, M
1897-09-21,51,0,0, M
1897-09-22,48.5,0,0, M
1897-09-23,51.5,0.43,0, M
1897-09-24,60.5,0,0, M
1897-09-25,59.5,0,0, M
1897-09-26,66.5,0,0, M
1897-09-27,64.5,0,0, M
1897-09-28,53.5,0,0, M
1897-09-29,55.5,0,0, M
1897-09-30,64,0,0, M
1897-10-01,65.5,0,0, M
1897-10-02,58.5,0.03,0, M
1897-10-03,50,0,0, M
1897-10-04,49,0,0, M
1897-10-05,53,0,0, M
1897-10-06,63.5,0,0, M
1897-10-07,55.5,0,0, M
1897-10-08,52.5,0,0, M
1897-10-09,62.5,0,0, M
1897-10-10,55,0,0, M
1897-10-11,58,0.04,0, M
1897-10-12,67,0.74,0, M
1897-10-13,63.5,0,0, M
1897-10-14,64.5,0,0, M
1897-10-15,66.5,0,0, M
1897-10-16,67,0,0, M
1897-10-17,55.5,0,0, M
1897-10-18,45,0,0, M
1897-10-19,45.5,0.1,0, M
1897-10-20,48,0.62,0, M
1897-10-21,55,0.03,0, M
1897-10-22,53.5,0,0, M
1897-10-23,48.5,0,0, M
1897-10-24,45,0.36,0, M
1897-10-25,48.5,0.36,0, M
1897-10-26,49,0.21,0, M
1897-10-27,52,0.06,0, M
1897-10-28,58,0,0, M
1897-10-29,56.5,0,0, M
1897-10-30,43,0,0, M
1897-10-31,42.5,0,0, M
1897-11-01,51.5,1.1,0, M
1897-11-02,54.5,0,0, M
1897-11-03,57,0,0, M
1897-11-04,46.5,0,0, M
1897-11-05,47.5,0,0, M
1897-11-06,51,0,0, M
1897-11-07,39.5,0.12,0, M
1897-11-08,44.5,0.02,0, M
1897-11-09,54.5,0.04,0, M
1897-11-10,39.5,0,0, M
1897-11-11,41,0.06,0, M
1897-11-12,37.5,0, T, M
1897-11-13,38.5,0,0, M
1897-11-14,33.5,0.07,0, M
1897-11-15,50.5,0,0, M
1897-11-16,58,0.41,0, M
1897-11-17,36.5,0,0, M
1897-11-18,32,0,0, M
1897-11-19,38,0,0, M
1897-11-20,47.5,0,0, M
1897-11-21,51.5,0,0, M
1897-11-22,47.5,0,0, M
1897-11-23,36,0.06,0, M
1897-11-24,27,0,0, M
1897-11-25,38.5,0.1,0, M
1897-11-26,51,0.32,0, M
1897-11-27,48.5,0,0, M
1897-11-28,35,0,0, M
1897-11-29,39,0.1,0, M
1897-11-30,30.5,0,0, M
1897-12-01,31.5,0,0, M
1897-12-02,33.5,0,0, M
1897-12-03,31,0.32,0, M
1897-12-04,34,0.5,0, M
1897-12-05,44,0,0, M
1897-12-06,37,0,0, M
1897-12-07,38,0,0, M
1897-12-08,44.5,0,0, M
1897-12-09,45,0,0, M
1897-12-10,49,0,0, M
1897-12-11,59,0,0, M
1897-12-12,44.5,0.34,0, M
1897-12-13,40.5,0,0, M
1897-12-14,39.5,1.2,0, M
1897-12-15,42,0,0, M
1897-12-16,41.5,0,0, M
1897-12-17,42,0,0, M
1897-12-18,38,0,0, M
1897-12-19,27.5,0,0, M
1897-12-20,30.5,0.24,0, M
1897-12-21,47,0,0, M
1897-12-22,42,0.17,0.5, M
1897-12-23,29, T, T, M
1897-12-24,15.5,0,0, M
1897-12-25,23.5,0,0, M
1897-12-26,33,0.5,5, M
1897-12-27,26.5,0,0, M
1897-12-28,18.5,0,0, M
1897-12-29,27,0,0, M
1897-12-30,40,0,0, M
1897-12-31,36,0, T, M
1898-01-01,21.5,0,0, M
1898-01-02,15.5,0,0, M
1898-01-03,21,0,0, M
1898-01-04,27,0,0, M
1898-01-05,35,0,0, M
1898-01-06,34.5,0,0, M
1898-01-07,37,0,0, M
1898-01-08,47.5,0,0, M
1898-01-09,37,0.25,0, M
1898-01-10,39.5,0.5,0, M
1898-01-11,45,0,0, M
1898-01-12,56,0,0, M
1898-01-13,41,0,0, M
1898-01-14,36.5,0.1,0, M
1898-01-15,44.5,0.35,0, M
1898-01-16,36.5,0,0, M
1898-01-17,33.5,0,0, M
1898-01-18,31,0,0, M
1898-01-19,28.5,0.15, T, M
1898-01-20,44.5,0.17,0, M
1898-01-21,42.5,0,0, M
1898-01-22,35,0.15,0, M
1898-01-23,44,0.75,0, M
1898-01-24,29.5,0,0, M
1898-01-25,32.5,0.47,1, M
1898-01-26,35.5,0,0, M
1898-01-27,29,0,0, M
1898-01-28,30,0,0, M
1898-01-29,27.5, T, T, M
1898-01-30,24.5, T, T, M
1898-01-31,29,0.08,1, M
1898-02-01,12,0,0, M
1898-02-02,11,0, T, M
1898-02-03,12,0,0, M
1898-02-04,22,0,0, M
1898-02-05,30,0,0, M
1898-02-06,27,0,0, M
1898-02-07,31.5,0,0, M
1898-02-08,40,0,0, M
1898-02-09,44,0,0, M
1898-02-10,45.5,0,0, M
1898-02-11,46.5,0,0, M
1898-02-12,53,0,0, M
1898-02-13,39,0,0, M
1898-02-14,38.5,0,0, M
1898-02-15,43.5,0, T, M
1898-02-16,20,0,0, M
1898-02-17,28,0,0, M
1898-02-18,36,0.2,0, M
1898-02-19,45,0,0, M
1898-02-20,39,0.28,0, M
1898-02-21,33.5, M,0, M
1898-02-22,28.5,0, T, M
1898-02-23,29.5,0,0, M
1898-02-24,36,0,0, M
1898-02-25,32,0,0, M
1898-02-26,25.5,0,0, M
1898-02-27,22.5,0,0, M
1898-02-28,28,0,0, M
1898-03-01,30,0,0, M
1898-03-02,31.5,0.72,4, M
1898-03-03,30,0,0, M
1898-03-04,31,0,0, M
1898-03-05,36.5,0,0, M
1898-03-06,36.5,0,0, M
1898-03-07,40,0,0, M
1898-03-08,39.5,0,0, M
1898-03-09,42.5,0,0, M
1898-03-10,50.5,0,0, M
1898-03-11,53,0.11,0, M
1898-03-12,52.5,0,0, M
1898-03-13,62,0,0, M
1898-03-14,44.5,0,0, M
1898-03-15,41,0.18,0, M
1898-03-16,46.5,0.02,0, M
1898-03-17,59,0.75,0, M
1898-03-18,51,0.13,0, M
1898-03-19,59,0,0, M
1898-03-20,60,0.03,0, M
1898-03-21,49.5, T,0, M
1898-03-22,54,0,0, M
1898-03-23,57.5, T,0, M
1898-03-24,43,0.72,0, M
1898-03-25,45.5,0,0, M
1898-03-26,43.5,0,0, M
1898-03-27,51.5,0,0, M
1898-03-28,57.5,0.1,0, M
1898-03-29,54,0.8,0, M
1898-03-30,42.5,0.34,0, M
1898-03-31,36,0,0, M
1898-04-01,38.5,0,0, M
1898-04-02,36,0,0, M
1898-04-03,35,0, T, M
1898-04-04,35,0.02, T, M
1898-04-05,29.5,0.44,2, M
1898-04-06,28,0,0, M
1898-04-07,33,0,0, M
1898-04-08,42,0,0, M
1898-04-09,45.5,0.16,0, M
1898-04-10,47,0,0, M
1898-04-11,47.5,0.33,0, M
1898-04-12,50,0,0, M
1898-04-13,47.5,0,0, M
1898-04-14,42,0.8,0, M
1898-04-15,42,0.5,0, M
1898-04-16,52,0,0, M
1898-04-17,60,0,0, M
1898-04-18,64,0,0, M
1898-04-19,59,0.01,0, M
1898-04-20,49,0,0, M
1898-04-21,43,0,0, M
1898-04-22,50,0,0, M
1898-04-23,60.5,0.18,0, M
1898-04-24,58.5,0.07,0, M
1898-04-25,54,0.4,0, M
1898-04-26,45,0,0, M
1898-04-27,42, T,0, M
1898-04-28,38.5,0,0, M
1898-04-29,48.5,0,0, M
1898-04-30,53,0,0, M
1898-05-01,61,0,0, M
1898-05-02,70, T,0, M
1898-05-03,65.5,0,0, M
1898-05-04,60.5,0.1,0, M
1898-05-05,59.5,0.77,0, M
1898-05-06,52,1.02,0, M
1898-05-07,41.5,0.3,0, M
1898-05-08,45,0.68,0, M
1898-05-09,51.5,0,0, M
1898-05-10,54.5,0,0, M
1898-05-11,62.5,0.05,0, M
1898-05-12,61.5, T,0, M
1898-05-13,60.5,0,0, M
1898-05-14,58.5,0,0, M
1898-05-15,58,0.1,0, M
1898-05-16,67.5,0.02,0, M
1898-05-17,66,0,0, M
1898-05-18,56,0,0, M
1898-05-19,69.5,0.01,0, M
1898-05-20,73.5,0.07,0, M
1898-05-21,72.5,0.71,0, M
1898-05-22,67.5,0.15,0, M
1898-05-23,66.5,0.52,0, M
1898-05-24,69,0.05,0, M
1898-05-25,64.5,0.05,0, M
1898-05-26,60,0.03,0, M
1898-05-27,67.5,0,0, M
1898-05-28,65.5,0.11,0, M
1898-05-29,67,0,0, M
1898-05-30,67,0.11,0, M
1898-05-31,62,0.09,0, M
1898-06-01,65.5,0,0, M
1898-06-02,67.5,0,0, M
1898-06-03,67.5,0,0, M
1898-06-04,72,0,0, M
1898-06-05,66,0,0, M
1898-06-06,65,0,0, M
1898-06-07,69.5,0,0, M
1898-06-08,70.5,0,0, M
1898-06-09,75.5,0,0, M
1898-06-10,74,0,0, M
1898-06-11,76.5,1.5,0, M
1898-06-12,70.5,0.46,0, M
1898-06-13,73,0.3,0, M
1898-06-14,73,0.01,0, M
1898-06-15,71,1.07,0, M
1898-06-16,65,0,0, M
1898-06-17,65,0.01,0, M
1898-06-18,61.5,0.35,0, M
1898-06-19,67,0.25,0, M
1898-06-20,67,0,0, M
1898-06-21,62,0,0, M
1898-06-22,61.5,0,0, M
1898-06-23,65.5,0,0, M
1898-06-24,69.5,0,0, M
1898-06-25,74.5,0.2,0, M
1898-06-26,77.5,0.1,0, M
1898-06-27,74,0.85,0, M
1898-06-28,74.5,0.03,0, M
1898-06-29,74,0,0, M
1898-06-30,74,0,0, M
1898-07-01,78.5,0,0, M
1898-07-02,81,0,0, M
1898-07-03,80,0,0, M
1898-07-04,78.5,0.27,0, M
1898-07-05,67,0.02,0, M
1898-07-06,63,0.03,0, M
1898-07-07,67,0,0, M
1898-07-08,75.5,0.2,0, M
1898-07-09,72,0.02,0, M
1898-07-10,67.5,0,0, M
1898-07-11,62,0,0, M
1898-07-12,57.5,0.07,0, M
1898-07-13,62, T,0, M
1898-07-14,71,0.01,0, M
1898-07-15,77,0.43,0, M
1898-07-16,76,0.25,0, M
1898-07-17,76,0.74,0, M
1898-07-18,74.5, T,0, M
1898-07-19,76,0.8,0, M
1898-07-20,75.5, T,0, M
1898-07-21,75.5,0.18,0, M
1898-07-22,73.5,0.01,0, M
1898-07-23,75.5,0.77,0, M
1898-07-24,76,0,0, M
1898-07-25,73.5,0,0, M
1898-07-26,76.5,1.2,0, M
1898-07-27,76.5,0.1,0, M
1898-07-28,76,0.22,0, M
1898-07-29,78.5,0.26,0, M
1898-07-30,75.5,0.05,0, M
1898-07-31,73.5,0.61,0, M
1898-08-01,75,1.17,0, M
1898-08-02,73.5,0.13,0, M
1898-08-03,74.5,0,0, M
1898-08-04,73.5,2.52,0, M
1898-08-05,68,0,0, M
1898-08-06,69,0,0, M
1898-08-07,72.5,0.8,0, M
1898-08-08,73.5, T,0, M
1898-08-09,73,2.08,0, M
1898-08-10,68.5,0.78,0, M
1898-08-11,69.5,0,0, M
1898-08-12,69,0.42,0, M
1898-08-13,69.5,0,0, M
1898-08-14,69.5,0.25,0, M
1898-08-15,71, T,0, M
1898-08-16,71.5,0,0, M
1898-08-17,71.5,0.8,0, M
1898-08-18,73.5,0.12,0, M
1898-08-19,73,0.04,0, M
1898-08-20,69,0.34,0, M
1898-08-21,72,0,0, M
1898-08-22,71,0,0, M
1898-08-23,74, T,0, M
1898-08-24,75.5, T,0, M
1898-08-25,74.5,0.01,0, M
1898-08-26,68,0,0, M
1898-08-27,63.5,0.08,0, M
1898-08-28,62.5,0,0, M
1898-08-29,67.5,0,0, M
1898-08-30,70.5,0,0, M
1898-08-31,73.5,0,0, M
1898-09-01,75,0,0, M
1898-09-02,74,0,0, M
1898-09-03,76,0,0, M
1898-09-04,70.5,0.02,0, M
1898-09-05,72.5,0.02,0, M
1898-09-06,74.5,0,0, M
1898-09-07,74, T,0, M
1898-09-08,61.5,0,0, M
1898-09-09,59.5,0,0, M
1898-09-10,60.5,0,0, M
1898-09-11,57,0,0, M
1898-09-12,54.5,0,0, M
1898-09-13,57.5,0,0, M
1898-09-14,61,0,0, M
1898-09-15,65.5, T,0, M
1898-09-16,66.5,0.01,0, M
1898-09-17,68.5,0,0, M
1898-09-18,70,0,0, M
1898-09-19,72,0,0, M
1898-09-20,67.5,0,0, M
1898-09-21,61.5,0,0, M
1898-09-22,57.5,2.18,0, M
1898-09-23,62.5,0,0, M
1898-09-24,64.5,0,0, M
1898-09-25,65.5,0,0, M
1898-09-26,66, T,0, M
1898-09-27,63.5,0,0, M
1898-09-28,57.5,0,0, M
1898-09-29,62,0,0, M
1898-09-30,63.5,0,0, M
1898-10-01,64,0,0, M
1898-10-02,67.5,0.95,0, M
1898-10-03,71,0.1,0, M
1898-10-04,71,0.52,0, M
1898-10-05,73,0.18,0, M
1898-10-06,66.5,0,0, M
1898-10-07,61.5,0,0, M
1898-10-08,65,0.03,0, M
1898-10-09,58,0.11,0, M
1898-10-10,59,0,0, M
1898-10-11,60,0.45,0, M
1898-10-12,60.5,0,0, M
1898-10-13,50,0,0, M
1898-10-14,52,0.3,0, M
1898-10-15,52,0,0, M
1898-10-16,44,0,0, M
1898-10-17,46,0,0, M
1898-10-18,51.5,2,0, M
1898-10-19,48,0,0, M
1898-10-20,51,0,0, M
1898-10-21,48.5,1.3,0, M
1898-10-22,46.5,0.48,0, M
1898-10-23,45,0,0, M
1898-10-24,44.5,0,0, M
1898-10-25,48.5,0,0, M
1898-10-26,52,0.61,0, M
1898-10-27,43,0,0, M
1898-10-28,36,0,0, M
1898-10-29,38,0.36,0, M
1898-10-30,46.5,0,0, M
1898-10-31,44,0,0, M
1898-11-01,39.5,0,0, M
1898-11-02,46,0,0, M
1898-11-03,45,0,0, M
1898-11-04,44.5,0,0, M
1898-11-05,51,0.09,0, M
1898-11-06,48,0,0, M
1898-11-07,38,0,0, M
1898-11-08,45.5,0,0, M
1898-11-09,60.5,0,0, M
1898-11-10,56,0.35,0, M
1898-11-11,48,0,0, M
1898-11-12,35,0,0, M
1898-11-13,42.5,0,0, M
1898-11-14,43.5,0,0, M
1898-11-15,36.5,0,0, M
1898-11-16,35.5,0.32,0, M
1898-11-17,40.5,0,0, M
1898-11-18,43,0.56,0, M
1898-11-19,42,0,0, M
1898-11-20,43,0,0, M
1898-11-21,39.5,0,0, M
1898-11-22,42,0.18,0, M
1898-11-23,39,0,0, M
1898-11-24,29,0,0, M
1898-11-25,26,0,0, M
1898-11-26,28,0.12,1, M
1898-11-27,25.5,0,0, M
1898-11-28,23,0,0, M
1898-11-29,30,0.2,0, M
1898-11-30,33.5,0,0, M
1898-12-01,36,0,0, M
1898-12-02,29.5,0,0, M
1898-12-03,30.5,1.25,1, M
1898-12-04,34.5,0,0, M
1898-12-05,35.5,0,0, M
1898-12-06,30.5,0,0, M
1898-12-07,31,0,0, M
1898-12-08,25.5,0,0, M
1898-12-09,18.5,0,0, M
1898-12-10,23.5,0,0, M
1898-12-11,34.5,0,0, M
1898-12-12,36,0.14,1, M
1898-12-13,25,0,0, M
1898-12-14,15.5,0,0, M
1898-12-15,23.5,0,0, M
1898-12-16,32.5,0,0, M
1898-12-17,36.5,0.05,0, M
1898-12-18,40,0,0, M
1898-12-19,30.5,0.12,0, M
1898-12-20,41.5,0.23,0, M
1898-12-21,49,0,0, M
1898-12-22,45.5,0.71,0, M
1898-12-23,36.5,0,0, M
1898-12-24,31,0,0, M
1898-12-25,30.5,0,0, M
1898-12-26,25.5,0, T, M
1898-12-27,33.5,0,0, M
1898-12-28,30,0,0, M
1898-12-29,39,0,0, M
1898-12-30,41,0,0, M
1898-12-31,41.5,1.1,3, M
1899-01-01,18,0,0,0
1899-01-02,10.5,0,0,0
1899-01-03,25,0,0,0
1899-01-04,44,0,0,0
1899-01-05,47.5,0.2,0,0
1899-01-06,31.5,0.6,0,0
1899-01-07,23.5,0,0,0
1899-01-08,25,0,0,0
1899-01-09,36,0,0,0
1899-01-10,23,0,0,0
1899-01-11,16.5,0,0,0
1899-01-12,25,0.05, T,0
1899-01-13,31.5,0.43,0,0
1899-01-14,43.5,0.01,0,0
1899-01-15,40,0,0,0
1899-01-16,38,0.04,0,0
1899-01-17,31,0.01,0,0
1899-01-18,36,0.07, T,0
1899-01-19,32,0,0,0
1899-01-20,26,0,0,0
1899-01-21,36,0,0,0
1899-01-22,45,0,0,0
1899-01-23,41,0,0,0
1899-01-24,42.5,0.16,0,0
1899-01-25,36.5,0,0,0
1899-01-26,39,0,0,0
1899-01-27,33.5,0,0,0
1899-01-28,21, T, T,0
1899-01-29,17.5,0,0,0
1899-01-30,29,0,0,0
1899-01-31,18.5,0.3,4,4
1899-02-01,8.5,0,0,0
1899-02-02,24.5,0,0,0
1899-02-03,37.5,0.08,0,0
1899-02-04,48.5,0,0,0
1899-02-05,37.5,0.49,7, M
1899-02-06,29,0.31,5,10
1899-02-07,22.5,0.19,1.5,8
1899-02-08,17,0,0,6
1899-02-09,-4,0,0,5
1899-02-10,-11,0,0,5
1899-02-11,-6,0,1,6
1899-02-12, M, M,6,12
1899-02-13,1.5, M,12,24
1899-02-14,6.5,0,0,20
1899-02-15,12.5,0,0,12
1899-02-16,17,1.4,14,26
1899-02-17,24.5,0,0,20
1899-02-18,34.5,0.22,0,15
1899-02-19,34,0,0,12
1899-02-20,38.5,0,0,9
1899-02-21,42.5,0,0,6
1899-02-22,42,0,0,4
1899-02-23,34,0,0,2
1899-02-24,30.5, T, T,2
1899-02-25,26,0,0,2
1899-02-26,32.5,0.98,0,1
1899-02-27,38,0,0, T
1899-02-28,34.5,0,0, T
1899-03-01,48,0,0, T
1899-03-02,49,0.04,0, T
1899-03-03,40.5,0.04,0, T
1899-03-04,50,0.9,0, T
1899-03-05,46,1.45,0, T
1899-03-06,34,0.01,0, T
1899-03-07,19,0.14,4,4
1899-03-08,23.5,0,0,1
1899-03-09,38.5,0,0, T
1899-03-10,44.5,0,0, T
1899-03-11,51,0,0, T
1899-03-12,57,0,0,0
1899-03-13,50,0,0,0
1899-03-14,38,0.22, T, T
1899-03-15,38,0.43,0,0
1899-03-16,41,0,0,0
1899-03-17,37,0,0,0
1899-03-18,49,0.1,0,0
1899-03-19,43.5,0.13,0,0
1899-03-20,35,0,0,0
1899-03-21,35,0,0,0
1899-03-22,45.5,0.05,0,0
1899-03-23,43.5,0,0,0
1899-03-24,33.5, T, T,0
1899-03-25,30.5,0.06, T,0
1899-03-26,43,0,0,0
1899-03-27,38,0.1,0,0
1899-03-28,46.5,0.67,0,0
1899-03-29,34,0, T,0
1899-03-30,44,0,0,0
1899-03-31,54.5,0,0,0
1899-04-01,40.5,0,0,0
1899-04-02,37.5, T, T,0
1899-04-03,35.5,0,0,0
1899-04-04,36,0,0,0
1899-04-05,38,0,0,0
1899-04-06,39.5,0,0,0
1899-04-07,41.5,0.75,0,0
1899-04-08,42,0.06,0,0
1899-04-09,38.5,0,0,0
1899-04-10,37.5,0,0,0
1899-04-11,43,0,0,0
1899-04-12,57,0,0,0
1899-04-13,59.5,0,0,0
1899-04-14,59.5, T,0,0
1899-04-15,57.5, T,0,0
1899-04-16,47,0.2,0,0
1899-04-17,43,0,0,0
1899-04-18,53.5,0,0,0
1899-04-19,58,0,0,0
1899-04-20,57,0,0,0
1899-04-21,62.5,0,0,0
1899-04-22,56.5,0,0,0
1899-04-23,59,0,0,0
1899-04-24,63,0.12,0,0
1899-04-25,61,0.08,0,0
1899-04-26,60.5,0,0,0
1899-04-27,60,0,0,0
1899-04-28,61.5,0,0,0
1899-04-29,63,0,0,0
1899-04-30,62,0,0,0
1899-05-01,61, T,0,0
1899-05-02,70,0.2,0,0
1899-05-03,65.5,0.8,0,0
1899-05-04,54,0.07,0,0
1899-05-05,52,0.1,0,0
1899-05-06,57,0.04,0,0
1899-05-07,61,0.4,0,0
1899-05-08,66,0.67,0,0
1899-05-09,63.5,0.01,0,0
1899-05-10,60.5,0,0,0
1899-05-11,67,0.12,0,0
1899-05-12, M,0,0,0
1899-05-13, M,0.32,0,0
1899-05-14,58.5,0,0,0
1899-05-15,64,0,0,0
1899-05-16,68.5, T,0,0
1899-05-17,71.5,0.12,0,0
1899-05-18,68,0.16,0,0
1899-05-19,59.5,0,0,0
1899-05-20,55,0,0,0
1899-05-21,53.5,0,0,0
1899-05-22,53.5,0.07,0,0
1899-05-23,53,0,0,0
1899-05-24,54.5,0,0,0
1899-05-25,54,0,0,0
1899-05-26,57.5,0,0,0
1899-05-27,67,0,0,0
1899-05-28,69.5,0,0,0
1899-05-29,74,0.31,0,0
1899-05-30,67,0,0,0
1899-05-31,67.5,0.36,0,0
1899-06-01,73,0.21,0,0
1899-06-02,68,0,0,0
1899-06-03,69.5,0,0,0
1899-06-04,71.5,0,0,0
1899-06-05,77.5,0,0,0
1899-06-06,77,0,0,0
1899-06-07,78,0,0,0
1899-06-08,78,0,0,0
1899-06-09,73.5,0.19,0,0
1899-06-10,69.5,0.36,0,0
1899-06-11,61,0.06,0,0
1899-06-12,63,0.26,0,0
1899-06-13,73.5,0.01,0,0
1899-06-14,75.5,0.01,0,0
1899-06-15,76,0.02,0,0
1899-06-16,67.5,0,0,0
1899-06-17,57.5,0,0,0
1899-06-18,60.5,0,0,0
1899-06-19,66,0,0,0
1899-06-20,73.5,0,0,0
1899-06-21,74,0.2,0,0
1899-06-22,70,0,0,0
1899-06-23,75.5,0,0,0
1899-06-24,77.5,0,0,0
1899-06-25,74.5,0.16,0,0
1899-06-26,70.5,0,0,0
1899-06-27,70.5,0.17,0,0
1899-06-28,75.5,0,0,0
1899-06-29,65.5,0.21,0,0
1899-06-30,65,0,0,0
1899-07-01,66,0,0,0
1899-07-02,70,0,0,0
1899-07-03,74.5,0,0,0
1899-07-04,74,0.02,0,0
1899-07-05,75.5,0.01,0,0
1899-07-06,74,0.2,0,0
1899-07-07,77.5,0,0,0
1899-07-08,74,0.35,0,0
1899-07-09,66.5,0,0,0
1899-07-10,65,0,0,0
1899-07-11,69,0,0,0
1899-07-12,73.5,0,0,0
1899-07-13,76.5,0.26,0,0
1899-07-14,75,0,0,0
1899-07-15,75,0,0,0
1899-07-16,81.5,0.02,0,0
1899-07-17,77,0.18,0,0
1899-07-18,71,0,0,0
1899-07-19,70.5,0,0,0
1899-07-20,74.5,0,0,0
1899-07-21,78.5,0,0,0
1899-07-22,79.5,0,0,0
1899-07-23,77,0,0,0
1899-07-24,76,0,0,0
1899-07-25,75.5, T,0,0
1899-07-26,76.5,0.03,0,0
1899-07-27,80,0,0,0
1899-07-28,79,1.35,0,0
1899-07-29,76,0.13,0,0
1899-07-30,68,0.6,0,0
1899-07-31,70.5,0,0,0
1899-08-01,70.5,0,0,0
1899-08-02,73,0.02,0,0
1899-08-03,79.5,0,0,0
1899-08-04,82,0.03,0,0
1899-08-05,77,1.04,0,0
1899-08-06,74.5,0,0,0
1899-08-07,70,0,0,0
1899-08-08,68.5,0,0,0
1899-08-09,69,0,0,0
1899-08-10,76.5,0.02,0,0
1899-08-11,74.5,0,0,0
1899-08-12,75.5,0.04,0,0
1899-08-13,76.5,0,0,0
1899-08-14,72.5,0.01,0,0
1899-08-15,67,0.03,0,0
1899-08-16,67,0,0,0
1899-08-17,66,0,0,0
1899-08-18,68,0.01,0,0
1899-08-19,77.5,0,0,0
1899-08-20,76.5,0,0,0
1899-08-21,80,0,0,0
1899-08-22,78,0,0,0
1899-08-23,72.5,0,0,0
1899-08-24,71,0,0,0
1899-08-25,78.5,0,0,0
1899-08-26,73,0.23,0,0
1899-08-27,68.5,0.25,0,0
1899-08-28,66.5,0.5,0,0
1899-08-29,64.5,0,0,0
1899-08-30,70,0,0,0
1899-08-31,72.5,0,0,0
1899-09-01,74.5,0,0,0
1899-09-02,74.5,0.15,0,0
1899-09-03,75,0,0,0
1899-09-04,75.5,0,0,0
1899-09-05,70.5,0,0,0
1899-09-06,81.5,0.02,0,0
1899-09-07,77.5,0.9,0,0
1899-09-08,77,0.5,0,0
1899-09-09,62.5,0.18,0,0
1899-09-10,62,0.02,0,0
1899-09-11,66.5,0.29,0,0
1899-09-12,64,0,0,0
1899-09-13,65.5,0,0,0
1899-09-14,54.5,0,0,0
1899-09-15,57,0,0,0
1899-09-16,62,0,0,0
1899-09-17,62.5,0,0,0
1899-09-18,61.5,0,0,0
1899-09-19,65.5,1.4,0,0
1899-09-20,65.5,0.27,0,0
1899-09-21,59,0.09,0,0
1899-09-22,56.5,0,0,0
1899-09-23,61,0,0,0
1899-09-24,59.5,0,0,0
1899-09-25,60,0.54,0,0
1899-09-26,56.5,0,0,0
1899-09-27,45.5,0,0,0
1899-09-28,52,0,0,0
1899-09-29,52,0.04,0,0
1899-09-30,45,0,0,0
1899-10-01,40.5,0,0,0
1899-10-02,44,0,0,0
1899-10-03,46.5,0,0,0
1899-10-04,49.5,0,0,0
1899-10-05,56,0,0,0
1899-10-06,62,0.05,0,0
1899-10-07,51.5,0,0,0
1899-10-08,51,0.44,0,0
1899-10-09,58.5,0,0,0
1899-10-10,56.5,0,0,0
1899-10-11,59.5,0,0,0
1899-10-12,64,0,0,0
1899-10-13,62,0,0,0
1899-10-14,62.5,0,0,0
1899-10-15,59,0,0,0
1899-10-16,67,0,0,0
1899-10-17,65.5,0,0,0
1899-10-18,64,0,0,0
1899-10-19,61,0,0,0
1899-10-20,58,0,0,0
1899-10-21,48,0,0,0
1899-10-22,45,0,0,0
1899-10-23,53,0,0,0
1899-10-24,57.5,0,0,0
1899-10-25,59.5,0,0,0
1899-10-26,60,0,0,0
1899-10-27,59,0,0,0
1899-10-28,61,0,0,0
1899-10-29,59,0.22,0,0
1899-10-30,46.5,1.04,0,0
1899-10-31,44, M,0,0
1899-11-01,51.5,0,0,0
1899-11-02,49.5,0,0,0
1899-11-03,37,0.18,0,0
1899-11-04,38.5,0,0,0
1899-11-05,42.5,0,0,0
1899-11-06,39.5,0,0,0
1899-11-07,37.5,0,0,0
1899-11-08,46.5,0,0,0
1899-11-09,52,0,0,0
1899-11-10,49,0,0,0
1899-11-11,55,0,0,0
1899-11-12,50,0,0,0
1899-11-13, M,0,0,0
1899-11-14,41,0,0,0
1899-11-15,49,0,0,0
1899-11-16,47,0,0,0
1899-11-17,47,0,0,0
1899-11-18,47.5,0,0,0
1899-11-19,53.5,0.06,0,0
1899-11-20,45,0,0,0
1899-11-21,40.5,0,0,0
1899-11-22,54.5,0,0,0
1899-11-23,48,0.63,0,0
1899-11-24,42,0,0,0
1899-11-25,32,0,0,0
1899-11-26,30,0,0,0
1899-11-27,35,0,0,0
1899-11-28,37,0.04,0,0
1899-11-29,40.5,0,0,0
1899-11-30,44,0,0,0
1899-12-01,49.5,0.03,0,0
1899-12-02,43,0,0,0
1899-12-03,47.5,0,0,0
1899-12-04,41.5,0,0,0
1899-12-05,24,0,0,0
1899-12-06,33,0,0,0
1899-12-07,27.5,0,0,0
1899-12-08,37,0,0,0
1899-12-09,34,0,0,0
1899-12-10,42.5,0.01,0,0
1899-12-11,54,0,0,0
1899-12-12,53,0.32,0,0
1899-12-13,44.5,0,0,0
1899-12-14,39.5,0,0,0
1899-12-15,34.5,0,0,0
1899-12-16,23.5,0,0,0
1899-12-17,26,0,0,0
1899-12-18,36,0,0,0
1899-12-19,46,0.05,0,0
1899-12-20,34.5,0,0,0
1899-12-21,35,0,0,0
1899-12-22,37,0,0,0
1899-12-23,34, T,0,0
1899-12-24,44,0.51, T,0
1899-12-25,29.5, T, T,0
1899-12-26,19,0,0,0
1899-12-27,17,0.08,1,1
1899-12-28,19,0,0,1
1899-12-29,14.5, T, T,1
1899-12-30,10, T, T,1
1899-12-31,8.5,0,0,1